"  freq              ;  reS11        ; imS11         ";;;mag S11;mag S11 dB
61000000;-0.47778;-0.847044;0.972500523;-0.242203133
61001875;-0.479052;-0.841923;0.968671852;-0.2764664
61003750;-0.480443;-0.842117;0.969529019;-0.268783754
61005625;-0.483522;-0.841657;0.970659585;-0.25866105
61007500;-0.482579;-0.838368;0.967338304;-0.288432299
61009375;-0.485649;-0.839424;0.969787401;-0.266469247
61011250;-0.482978;-0.839474;0.968495919;-0.278044099
61013125;-0.4854;-0.837611;0.968093667;-0.281652422
61015000;-0.487547;-0.83793;0.969447658;-0.269512682
61016875;-0.487013;-0.837443;0.968758195;-0.275692213
61018750;-0.485569;-0.835138;0.966039716;-0.300100369
61020625;-0.487059;-0.834524;0.966259166;-0.298127465
61022500;-0.488355;-0.833733;0.96623047;-0.298385423
61024375;-0.488216;-0.83289;0.965432864;-0.305558432
61026250;-0.491471;-0.835849;0.969632557;-0.26785622
61028125;-0.489668;-0.836574;0.969345556;-0.270427524
61030000;-0.493532;-0.83501;0.96995646;-0.2649552
61031875;-0.494395;-0.832321;0.968082984;-0.281748272
61033750;-0.494488;-0.833211;0.968895739;-0.274459082
61035625;-0.495964;-0.831524;0.968200626;-0.280692819
61037500;-0.495056;-0.833617;0.969534809;-0.268731879
61039375;-0.496755;-0.831007;0.968162261;-0.281037002
61041250;-0.497872;-0.828836;0.966874161;-0.292600916
61043125;-0.500342;-0.828789;0.968108116;-0.281522784
61045000;-0.500256;-0.828299;0.967644201;-0.285686038
61046875;-0.501006;-0.828975;0.968610635;-0.277015335
61048750;-0.503128;-0.828659;0.969439798;-0.269583103
61050625;-0.501191;-0.825705;0.965909502;-0.301271235
61052500;-0.504228;-0.82832;0.969721557;-0.267058996
61054375;-0.503995;-0.825838;0.967480936;-0.287151675
61056250;-0.503504;-0.826832;0.968074085;-0.281828112
61058125;-0.50616;-0.823552;0.966662217;-0.294505116
61060000;-0.505996;-0.825703;0.968409725;-0.278817155
61061875;-0.509496;-0.820989;0.966234502;-0.298349182
61063750;-0.509017;-0.824599;0.96905202;-0.273058178
61065625;-0.51258;-0.821863;0.968605723;-0.277059383
61067500;-0.51177;-0.821885;0.968195996;-0.280734357
61069375;-0.509165;-0.821732;0.966691511;-0.294241905
61071250;-0.510948;-0.819434;0.965681075;-0.30332559
61073125;-0.512761;-0.821315;0.96823663;-0.280369823
61075000;-0.513583;-0.819673;0.967280375;-0.288952465
61076875;-0.514327;-0.820446;0.968330471;-0.279528031
61078750;-0.515962;-0.817227;0.966476464;-0.296174354
61080625;-0.514853;-0.81813;0.96664901;-0.29462379
61082500;-0.516703;-0.817696;0.9672687;-0.289057305
61084375;-0.518867;-0.816638;0.967533248;-0.286682038
61086250;-0.517637;-0.81736;0.967484074;-0.287123506
61088125;-0.519813;-0.818319;0.969459406;-0.269407423
61090000;-0.520699;-0.817955;0.969627676;-0.267899937
61091875;-0.521116;-0.816273;0.968433527;-0.278603676
61093750;-0.524136;-0.813212;0.967487624;-0.287091631
61095625;-0.522712;-0.814759;0.968018627;-0.282325711
61097500;-0.526382;-0.814241;0.969570222;-0.268414623
61099375;-0.521769;-0.813405;0.966369796;-0.297133045
61101250;-0.522282;-0.80781;0.961943597;-0.337007837
61103125;-0.524495;-0.813147;0.967627536;-0.285835625
61105000;-0.525957;-0.811073;0.966679977;-0.294345542
61106875;-0.528022;-0.8099;0.966822239;-0.293067366
61108750;-0.529137;-0.810307;0.96777239;-0.284535444
61110625;-0.530649;-0.808842;0.967374665;-0.288105816
61112500;-0.529418;-0.80952;0.96726731;-0.289069789
61114375;-0.531459;-0.807573;0.966758925;-0.293636198
61116250;-0.534076;-0.807397;0.968053247;-0.282015079
61118125;-0.531972;-0.806595;0.966224458;-0.298439471
61120000;-0.533588;-0.808299;0.968536745;-0.277677958
61121875;-0.53266;-0.804723;0.965041855;-0.309077006
61123750;-0.535169;-0.808145;0.969280248;-0.271012743
61125625;-0.536923;-0.804576;0.967279095;-0.288963963
61127500;-0.537217;-0.803345;0.966418799;-0.296692617
61129375;-0.537401;-0.804405;0.967402315;-0.287857555
61131250;-0.540382;-0.802963;0.967864807;-0.283706026
61133125;-0.537758;-0.801027;0.964794238;-0.31130598
61135000;-0.541309;-0.800646;0.966462338;-0.296301306
61136875;-0.541054;-0.803698;0.968849785;-0.274871054
61138750;-0.541051;-0.800099;0.965864687;-0.301674234
61140625;-0.543562;-0.801279;0.968249804;-0.280251642
61142500;-0.543804;-0.799498;0.966912531;-0.292256228
61144375;-0.546086;-0.799585;0.968269638;-0.280073723
61146250;-0.547296;-0.797091;0.966895534;-0.292408914
61148125;-0.545479;-0.798379;0.966931418;-0.292086565
61150000;-0.545801;-0.793998;0.96349964;-0.322968869
61151875;-0.548312;-0.798889;0.96895288;-0.273946842
61153750;-0.548837;-0.797138;0.967807338;-0.284221787
61155625;-0.552123;-0.793832;0.966958661;-0.291841849
61157500;-0.549699;-0.795377;0.966847228;-0.29284287
61159375;-0.551491;-0.793466;0.966297375;-0.297784008
61161250;-0.551947;-0.793943;0.966949315;-0.291925797
61163125;-0.555896;-0.792142;0.967734112;-0.284879004
61165000;-0.551491;-0.790865;0.964162731;-0.3169932
61166875;-0.55435;-0.793587;0.96803112;-0.282213619
61168750;-0.556377;-0.790735;0.966859455;-0.292733025
61170625;-0.5572;-0.790176;0.966876389;-0.292580904
61172500;-0.556118;-0.787608;0.96415434;-0.317068789
61174375;-0.555919;-0.789449;0.965544229;-0.304556551
61176250;-0.559861;-0.790298;0.968511883;-0.277900925
61178125;-0.559113;-0.789635;0.967538516;-0.286634749
61180000;-0.561425;-0.78855;0.967992321;-0.28256176
61181875;-0.56011;-0.788636;0.967300342;-0.288773169
61183750;-0.56131;-0.786769;0.966475233;-0.296185418
61185625;-0.563019;-0.786945;0.96761192;-0.285975806
61187500;-0.56342;-0.788791;0.969346862;-0.270415829
61189375;-0.567845;-0.784244;0.968238915;-0.280349332
61191250;-0.566796;-0.783805;0.96726831;-0.28906081
61193125;-0.565327;-0.783862;0.966454475;-0.296371975
61195000;-0.568808;-0.781895;0.966903476;-0.29233757
61196875;-0.567701;-0.782544;0.966777915;-0.293465581
61198750;-0.569286;-0.780825;0.966319942;-0.297581156
61200625;-0.570021;-0.782957;0.968475918;-0.278223476
61202500;-0.569014;-0.783011;0.967927248;-0.28314568
61204375;-0.574548;-0.777406;0.966677554;-0.294367311
61206250;-0.572174;-0.780393;0.967675731;-0.285403014
61208125;-0.572057;-0.780772;0.967912252;-0.283280256
61210000;-0.575778;-0.776841;0.966955141;-0.291873466
61211875;-0.576639;-0.777408;0.967923414;-0.283180092
61213750;-0.574329;-0.777253;0.966424351;-0.296642713
61215625;-0.574976;-0.775426;0.965340811;-0.306386658
61217500;-0.576219;-0.776324;0.966802611;-0.293243706
61219375;-0.576761;-0.77744;0.9680218;-0.282297247
61221250;-0.580311;-0.774065;0.967438619;-0.287531604
61223125;-0.579639;-0.774088;0.967054084;-0.29098473
61225000;-0.580684;-0.77256;0.966458929;-0.296331944
61226875;-0.582435;-0.771119;0.966361755;-0.297205323
61228750;-0.581614;-0.770547;0.965410547;-0.305759218
61230625;-0.583427;-0.773118;0.968554855;-0.277515556
61232500;-0.582446;-0.772246;0.967267919;-0.28906432
61234375;-0.585343;-0.768934;0.966377734;-0.297061705
61236250;-0.584719;-0.769392;0.966364506;-0.297180595
61238125;-0.589209;-0.768129;0.968085433;-0.281726292
61240000;-0.587099;-0.768826;0.967356529;-0.288268657
61241875;-0.58647;-0.765508;0.964338923;-0.315406072
61243750;-0.58795;-0.768484;0.967601602;-0.286068423
61245625;-0.59005;-0.765925;0.966850613;-0.29281246
61247500;-0.591045;-0.765571;0.96717793;-0.289872445
61249375;-0.59237;-0.763988;0.966736718;-0.293835724
61251250;-0.590126;-0.762525;0.964205928;-0.316604056
61253125;-0.592454;-0.765468;0.967958161;-0.282868286
61255000;-0.593509;-0.765175;0.968372714;-0.279149123
61256875;-0.594413;-0.76327;0.967423334;-0.287668834
61258750;-0.594515;-0.763125;0.96737162;-0.288133157
61260625;-0.596183;-0.760871;0.966622392;-0.294862974
61262500;-0.595799;-0.760896;0.966405283;-0.296814091
61264375;-0.596523;-0.761475;0.967307534;-0.288708594
61266250;-0.5987;-0.758349;0.966196096;-0.298694434
61268125;-0.599368;-0.757999;0.966335596;-0.297440452
61270000;-0.602147;-0.756797;0.967120835;-0.290385212
61271875;-0.600472;-0.756068;0.965507868;-0.304883654
61273750;-0.6008;-0.758097;0.967301246;-0.288765052
61275625;-0.601711;-0.755121;0.965538115;-0.304611549
61277500;-0.602435;-0.755033;0.96592068;-0.301170714
61279375;-0.60397;-0.755566;0.967295064;-0.288820566
61281250;-0.605778;-0.752711;0.966199169;-0.298666805
61283125;-0.6068;-0.752008;0.966293057;-0.297822818
61285000;-0.608408;-0.750886;0.966431622;-0.296577367
61286875;-0.605999;-0.751723;0.965568359;-0.30433948
61288750;-0.607533;-0.752456;0.967102052;-0.290553909
61290625;-0.608318;-0.749586;0.965365195;-0.30616726
61292500;-0.607474;-0.749593;0.964839016;-0.310902861
61294375;-0.613213;-0.751614;0.970027726;-0.264317049
61296250;-0.611221;-0.748996;0.966739944;-0.293806737
61298125;-0.611913;-0.75044;0.968296294;-0.279834606
61300000;-0.61228;-0.749153;0.967531403;-0.286698605
61301875;-0.615073;-0.746144;0.966977592;-0.291671793
61303750;-0.613989;-0.745676;0.965927114;-0.301112861
61305625;-0.614223;-0.747371;0.967384776;-0.288015028
61307500;-0.613921;-0.744877;0.965267185;-0.30704915
61309375;-0.617043;-0.743705;0.966353554;-0.297279038
61311250;-0.618316;-0.743739;0.96719304;-0.28973675
61313125;-0.619365;-0.742903;0.967221728;-0.28947912
61315000;-0.617385;-0.742624;0.965740464;-0.302791431
61316875;-0.617073;-0.739851;0.963409876;-0.323778118
61318750;-0.619467;-0.740316;0.965301582;-0.306739642
61320625;-0.62121;-0.741399;0.96725092;-0.289216975
61322500;-0.622065;-0.741587;0.967944287;-0.282992782
61324375;-0.622333;-0.73974;0.966702452;-0.294143598
61326250;-0.622308;-0.737636;0.965077259;-0.308758361
61328125;-0.623088;-0.736211;0.964492246;-0.314025192
61330000;-0.624542;-0.737675;0.966549076;-0.295521805
61331875;-0.625643;-0.737947;0.967468314;-0.287264999
61333750;-0.62928;-0.734763;0.967403734;-0.287844813
61335625;-0.629389;-0.733501;0.966516544;-0.295814152
61337500;-0.626872;-0.733716;0.965042835;-0.309068189
61339375;-0.629456;-0.734631;0.967417987;-0.28771684
61341250;-0.629958;-0.732657;0.96624705;-0.298236381
61343125;-0.633164;-0.732471;0.968199575;-0.280702248
61345000;-0.628473;-0.730331;0.963515273;-0.322827936
61346875;-0.630005;-0.729645;0.963995916;-0.31849612
61348750;-0.633561;-0.730349;0.966855316;-0.292770209
61350625;-0.633308;-0.729197;0.96581949;-0.302080696
61352500;-0.633365;-0.725966;0.963419875;-0.323687968
61354375;-0.634978;-0.727598;0.965710055;-0.303064935
61356250;-0.635844;-0.730111;0.968173365;-0.280937385
61358125;-0.636614;-0.729526;0.968238385;-0.280354085
61360000;-0.637506;-0.727645;0.967409503;-0.287793018
61361875;-0.641481;-0.724647;0.967786726;-0.284406774
61363750;-0.641643;-0.722911;0.966595082;-0.295108373
61365625;-0.639916;-0.724725;0.966808571;-0.293190164
61367500;-0.641617;-0.723578;0.967076779;-0.290780892
61369375;-0.640719;-0.722046;0.965334793;-0.306440808
61371250;-0.641293;-0.720906;0.96486381;-0.310679651
61373125;-0.643905;-0.721349;0.966932277;-0.292078846
61375000;-0.641216;-0.719216;0.963550525;-0.322510157
61376875;-0.64345;-0.719853;0.965513461;-0.304833336
61378750;-0.645032;-0.721507;0.967800926;-0.284279335
61380625;-0.646565;-0.720482;0.968060231;-0.281952413
61382500;-0.64803;-0.71709;0.96652002;-0.295782916
61384375;-0.649611;-0.715759;0.966594743;-0.295111423
61386250;-0.65033;-0.714421;0.966088233;-0.299664151
61388125;-0.649508;-0.715578;0.966391492;-0.296938042
61390000;-0.650369;-0.713691;0.965574792;-0.304281612
61391875;-0.652417;-0.713176;0.966575372;-0.295285499
61393750;-0.649393;-0.713195;0.964550868;-0.313497278
61395625;-0.651276;-0.712469;0.965283639;-0.306901094
61397500;-0.652417;-0.710103;0.964310226;-0.315664553
61399375;-0.650345;-0.708411;0.9616625;-0.339546378
61401250;-0.654325;-0.709852;0.965417561;-0.30569611
61403125;-0.656314;-0.712297;0.968563412;-0.277438815
61405000;-0.65367;-0.707101;0.962951864;-0.327908433
61406875;-0.655662;-0.708473;0.965311685;-0.30664873
61408750;-0.657618;-0.707652;0.966039744;-0.300100117
61410625;-0.659991;-0.709412;0.968944532;-0.274021677
61412500;-0.659138;-0.70738;0.966876087;-0.292583615
61414375;-0.658884;-0.705074;0.965016824;-0.309302301
61416250;-0.660135;-0.70812;0.968097181;-0.281620886
61418125;-0.663096;-0.703321;0.966621298;-0.294872799
61420000;-0.663011;-0.703343;0.966578999;-0.295252899
61421875;-0.665131;-0.701426;0.966642478;-0.294682482
61423750;-0.66521;-0.701919;0.967054614;-0.290979972
61425625;-0.66352;-0.701954;0.965918324;-0.301191902
61427500;-0.666552;-0.698993;0.965858573;-0.301729222
61429375;-0.665564;-0.698208;0.964608651;-0.31297695
61431250;-0.667936;-0.700395;0.96782832;-0.284033484
61433125;-0.667385;-0.698889;0.966358408;-0.297235407
61435000;-0.666785;-0.695806;0.963715843;-0.321020028
61436875;-0.668542;-0.696092;0.96513858;-0.308206477
61438750;-0.670222;-0.697806;0.967538497;-0.286634921
61440625;-0.669744;-0.693407;0.964038533;-0.318112136
61442500;-0.672702;-0.695319;0.967469117;-0.287257787
61444375;-0.67353;-0.693043;0.966411538;-0.296757873
61446250;-0.674705;-0.692044;0.966515253;-0.295825753
61448125;-0.674304;-0.691165;0.965605997;-0.304000912
61450000;-0.675371;-0.69065;0.965983131;-0.300609149
61451875;-0.67659;-0.691019;0.967099419;-0.290577551
61453750;-0.679298;-0.688695;0.967339948;-0.288417534
61455625;-0.675911;-0.690257;0.966079917;-0.29973892
61457500;-0.675126;-0.689225;0.964793354;-0.311313934
61459375;-0.676427;-0.688544;0.965218279;-0.307489242
61461250;-0.676108;-0.68603;0.963202569;-0.325647357
61463125;-0.678869;-0.686795;0.965686539;-0.303276448
61465000;-0.679937;-0.687987;0.967285085;-0.288910173
61466875;-0.681639;-0.685769;0.96690788;-0.292298011
61468750;-0.68249;-0.685036;0.966988584;-0.291573062
61470625;-0.684499;-0.683181;0.967096252;-0.290606001
61472500;-0.684497;-0.681542;0.9659377;-0.301017664
61474375;-0.683168;-0.683324;0.966255766;-0.29815803
61476250;-0.683528;-0.681491;0.965215266;-0.307516356
61478125;-0.686577;-0.679334;0.96585851;-0.301729791
61480000;-0.685902;-0.67889;0.965066415;-0.308855956
61481875;-0.685048;-0.677457;0.963451477;-0.32340306
61483750;-0.688625;-0.677449;0.965992515;-0.300524778
61485625;-0.687513;-0.678743;0.966108785;-0.299479372
61487500;-0.690481;-0.675241;0.965771412;-0.302513091
61489375;-0.690466;-0.677117;0.96707328;-0.29081232
61491250;-0.693439;-0.675114;0.967799855;-0.284288944
61493125;-0.695214;-0.673772;0.968138014;-0.281254541
61495000;-0.691366;-0.673102;0.964911005;-0.310254803
61496875;-0.69205;-0.672391;0.964905622;-0.310303264
61498750;-0.693479;-0.6729;0.966285431;-0.297891372
61500625;-0.69269;-0.671997;0.965090361;-0.308640443
61502500;-0.693827;-0.669338;0.964058745;-0.317930029
61504375;-0.695111;-0.67018;0.965567468;-0.304347502
61506250;-0.697112;-0.668314;0.965716699;-0.303005174
61508125;-0.69639;-0.666606;0.964013792;-0.318335053
61510000;-0.698793;-0.668366;0.966966787;-0.291768854
61511875;-0.700728;-0.667173;0.967543044;-0.286594101
61513750;-0.700238;-0.667131;0.967159257;-0.290040144
61515625;-0.702708;-0.664892;0.967408861;-0.287798777
61517500;-0.699703;-0.664739;0.965122907;-0.308347524
61519375;-0.701456;-0.663686;0.965670558;-0.303420189
61521250;-0.701075;-0.662378;0.964495086;-0.313999616
61523125;-0.700863;-0.660358;0.962954637;-0.327883424
61525000;-0.703199;-0.660691;0.964884154;-0.310496514
61526875;-0.704751;-0.663424;0.967887068;-0.283506258
61528750;-0.707041;-0.65887;0.96644537;-0.296453807
61530625;-0.705783;-0.658875;0.965528823;-0.304695139
61532500;-0.707005;-0.657108;0.965218625;-0.307486131
61534375;-0.709043;-0.65626;0.966136203;-0.299232871
61536250;-0.706788;-0.657368;0.96523674;-0.307323116
61538125;-0.707936;-0.655748;0.964976072;-0.30966911
61540000;-0.710661;-0.653492;0.965448523;-0.305417549
61541875;-0.708666;-0.654573;0.964714109;-0.312027398
61543750;-0.709253;-0.652829;0.963963444;-0.318788708
61545625;-0.712878;-0.656408;0.969054439;-0.273036496
61547500;-0.712339;-0.652015;0.965686497;-0.303276821
61549375;-0.712807;-0.650415;0.964952585;-0.309880522
61551250;-0.71388;-0.65125;0.966308034;-0.297688192
61553125;-0.716523;-0.648224;0.966229561;-0.298393599
61555000;-0.715985;-0.648876;0.966268381;-0.298044634
61556875;-0.717712;-0.646996;0.966288952;-0.297859717
61558750;-0.714193;-0.647188;0.963807008;-0.320198404
61560625;-0.716438;-0.646578;0.965062961;-0.308887048
61562500;-0.716991;-0.644692;0.964211527;-0.316553617
61564375;-0.718532;-0.645168;0.96567592;-0.303371956
61566250;-0.719934;-0.645722;0.967089378;-0.290667732
61568125;-0.720586;-0.644904;0.967029137;-0.291208801
61570000;-0.720061;-0.641593;0.964432176;-0.31456618
61571875;-0.721425;-0.643151;0.966487061;-0.296079114
61573750;-0.721868;-0.641752;0.965887695;-0.301467334
61575625;-0.721707;-0.639425;0.964222653;-0.316453393
61577500;-0.724241;-0.639197;0.965969891;-0.300728201
61579375;-0.72453;-0.639472;0.966368542;-0.297144317
61581250;-0.723642;-0.63767;0.964510639;-0.313859549
61583125;-0.725886;-0.636954;0.965722985;-0.302948641
61585000;-0.726351;-0.635211;0.96492424;-0.310135666
61586875;-0.725726;-0.635298;0.964511159;-0.313854867
61588750;-0.728258;-0.636545;0.96723795;-0.289333443
61590625;-0.728202;-0.63345;0.965161673;-0.307998648
61592500;-0.728966;-0.633671;0.965883205;-0.301507711
61594375;-0.728403;-0.63349;0.965339583;-0.306397711
61596250;-0.73076;-0.630245;0.964996859;-0.309482006
61598125;-0.731664;-0.631725;0.96664817;-0.294631338
61600000;-0.733001;-0.632145;0.967934795;-0.283077961
61601875;-0.732554;-0.62931;0.965746571;-0.302736506
61603750;-0.733337;-0.62793;0.96544251;-0.305471646
61605625;-0.73364;-0.628908;0.966308916;-0.297680261
61607500;-0.734818;-0.627973;0.966595873;-0.295101269
61609375;-0.735961;-0.624121;0.964969231;-0.30973069
61611250;-0.737305;-0.625445;0.966850615;-0.292812447
61613125;-0.736633;-0.624889;0.965978488;-0.300650902
61615000;-0.737684;-0.621845;0.964815468;-0.311114847
61616875;-0.737931;-0.621828;0.964993379;-0.309513325
61618750;-0.73822;-0.62348;0.966279503;-0.297944651
61620625;-0.741272;-0.618122;0.965173034;-0.30789641
61622500;-0.740393;-0.620184;0.965820888;-0.302068122
61624375;-0.738484;-0.617888;0.962883274;-0.328527148
61626250;-0.740842;-0.618664;0.965190144;-0.307742431
61628125;-0.742384;-0.619544;0.966937832;-0.292028946
61630000;-0.743866;-0.617128;0.966531735;-0.295677638
61631875;-0.746197;-0.614137;0.966423415;-0.296651123
61633750;-0.744081;-0.615997;0.965975589;-0.300676968
61635625;-0.745489;-0.613409;0.965414134;-0.305726944
61637500;-0.743162;-0.612715;0.963176738;-0.325880291
61639375;-0.746096;-0.612902;0.96556103;-0.304405412
61641250;-0.746919;-0.613436;0.966535938;-0.295639869
61643125;-0.74744;-0.612911;0.966605632;-0.295013576
61645000;-0.746705;-0.611228;0.964970479;-0.309719455
61646875;-0.749423;-0.608958;0.965642107;-0.303676101
61648750;-0.748755;-0.608688;0.964953435;-0.309872873
61650625;-0.74817;-0.606491;0.963114574;-0.326440909
61652500;-0.750755;-0.604753;0.964032811;-0.31816369
61654375;-0.752072;-0.604294;0.964771233;-0.311513093
61656250;-0.751007;-0.605433;0.964655706;-0.312553248
61658125;-0.753678;-0.606776;0.967578236;-0.286278182
61660000;-0.752665;-0.603869;0.964967549;-0.309745823
61661875;-0.755268;-0.601229;0.965352818;-0.306278631
61663750;-0.753028;-0.602131;0.964164358;-0.316978537
61665625;-0.756304;-0.60045;0.965679006;-0.303344201
61667500;-0.756706;-0.597705;0.964290017;-0.315846584
61669375;-0.758477;-0.600295;0.967285608;-0.288905483
61671250;-0.753975;-0.597398;0.961957728;-0.336880238
61673125;-0.758342;-0.59675;0.964983498;-0.309602267
61675000;-0.760601;-0.596503;0.96660732;-0.294998411
61676875;-0.760497;-0.594129;0.965062151;-0.308894333
61678750;-0.761455;-0.594912;0.966299128;-0.297768247
61680625;-0.759;-0.593073;0.963232362;-0.325378694
61682500;-0.76124;-0.592779;0.964817745;-0.311094354
61684375;-0.76109;-0.592638;0.964612765;-0.312939901
61686250;-0.764104;-0.591976;0.966587041;-0.295180637
61688125;-0.761737;-0.590844;0.964022764;-0.318254215
61690000;-0.764431;-0.590108;0.965702959;-0.303128756
61691875;-0.764296;-0.591489;0.966440693;-0.29649584
61693750;-0.765239;-0.586194;0.963957537;-0.318841935
61695625;-0.76653;-0.585613;0.964629891;-0.312785694
61697500;-0.767776;-0.584682;0.965055971;-0.308949956
61699375;-0.767697;-0.58408;0.964628493;-0.312798279
61701250;-0.767197;-0.586218;0.965527203;-0.304709713
61703125;-0.769334;-0.583755;0.965735318;-0.302837718
61705000;-0.77184;-0.580881;0.966001926;-0.300440151
61706875;-0.770006;-0.580083;0.964056807;-0.317947492
61708750;-0.770167;-0.580613;0.964504362;-0.313916081
61710625;-0.770006;-0.58113;0.96468716;-0.312270037
61712500;-0.770999;-0.580576;0.965146595;-0.308134343
61714375;-0.772356;-0.578202;0.964806376;-0.311196701
61716250;-0.774467;-0.57665;0.965569447;-0.304329699
61718125;-0.772922;-0.577583;0.964888874;-0.310454023
61720000;-0.772237;-0.575304;0.962976987;-0.327681833
61721875;-0.77433;-0.572921;0.96323695;-0.325337326
61723750;-0.77591;-0.572358;0.964173225;-0.316898658
61725625;-0.772274;-0.570929;0.960399424;-0.350962179
61727500;-0.777667;-0.576201;0.967870629;-0.283653777
61729375;-0.776907;-0.570546;0.963902083;-0.319341628
61731250;-0.780625;-0.568231;0.965537084;-0.30462083
61733125;-0.776963;-0.570053;0.963655502;-0.321563895
61735000;-0.78105;-0.569041;0.966357471;-0.297243827
61736875;-0.777838;-0.566747;0.962410576;-0.332792266
61738750;-0.779253;-0.566527;0.963425181;-0.323640133
61740625;-0.781048;-0.564257;0.963546543;-0.322546049
61742500;-0.78344;-0.562702;0.964578548;-0.313248022
61744375;-0.785834;-0.562613;0.966472174;-0.296212906
61746250;-0.780414;-0.561842;0.961619698;-0.339932978
61748125;-0.784725;-0.562046;0.965240401;-0.307290172
61750000;-0.784515;-0.561762;0.964904311;-0.310315063
61751875;-0.787278;-0.559715;0.96596456;-0.300776143
61753750;-0.788203;-0.556788;0.965026863;-0.309211945
61755625;-0.784817;-0.55905;0.963573882;-0.322299605
61757500;-0.787139;-0.557647;0.964654333;-0.312565613
61759375;-0.786923;-0.558461;0.964948961;-0.309913147
61761250;-0.788165;-0.556433;0.96479104;-0.31133477
61763125;-0.789481;-0.554826;0.964941521;-0.309980111
61765000;-0.789529;-0.553659;0.964310287;-0.315664003
61766875;-0.790963;-0.552037;0.964555502;-0.313455545
61768750;-0.791365;-0.552019;0.964874883;-0.310579976
61770625;-0.791183;-0.549964;0.963551213;-0.322503947
61772500;-0.789616;-0.550174;0.962384984;-0.333023236
61774375;-0.793076;-0.550986;0.965688932;-0.30325492
61776250;-0.793183;-0.5513;0.965955983;-0.300853262
61778125;-0.793209;-0.54936;0.964871456;-0.310610822
61780000;-0.795537;-0.54711;0.965509436;-0.304869552
61781875;-0.795967;-0.543949;0.96407675;-0.317767813
61783750;-0.795155;-0.545806;0.964456149;-0.314350272
61785625;-0.795136;-0.542358;0.962493355;-0.332045202
61787500;-0.796537;-0.543707;0.964410957;-0.314757281
61789375;-0.798458;-0.54583;0.967194689;-0.289721937
61791250;-0.797591;-0.542421;0.964557901;-0.313433943
61793125;-0.800479;-0.537739;0.96432871;-0.315498062
61795000;-0.798149;-0.539905;0.963607407;-0.321997405
61796875;-0.800878;-0.538448;0.965055345;-0.308955588
61798750;-0.801808;-0.538281;0.965734179;-0.302847961
61800625;-0.801401;-0.538376;0.965449263;-0.305410889
61802500;-0.801269;-0.537753;0.964992383;-0.309522293
61804375;-0.802433;-0.534624;0.964220691;-0.316471067
61806250;-0.801047;-0.532914;0.962119342;-0.335421091
61808125;-0.803564;-0.535851;0.965842325;-0.301875341
61810000;-0.803342;-0.529815;0.96232131;-0.333597941
61811875;-0.804333;-0.530236;0.963380398;-0.324043894
61813750;-0.80483;-0.530259;0.963808039;-0.320189113
61815625;-0.804613;-0.528957;0.962910997;-0.32827707
61817500;-0.805904;-0.528455;0.963714659;-0.321030698
61819375;-0.80719;-0.527763;0.964411468;-0.314752677
61821250;-0.806327;-0.525423;0.962409767;-0.332799563
61823125;-0.807555;-0.526078;0.963796213;-0.32029569
61825000;-0.807672;-0.525346;0.96349493;-0.32301133
61826875;-0.807997;-0.523475;0.962748787;-0.329740394
61828750;-0.80979;-0.5209;0.962858585;-0.328749863
61830625;-0.810659;-0.522053;0.964213332;-0.31653736
61832500;-0.808099;-0.520238;0.961078337;-0.344824233
61834375;-0.81275;-0.519903;0.964811739;-0.31114842
61836250;-0.811835;-0.517953;0.96299085;-0.327556786
61838125;-0.813576;-0.519815;0.965460275;-0.305311824
61840000;-0.814071;-0.51437;0.96295799;-0.327853182
61841875;-0.813001;-0.516488;0.963187666;-0.325781746
61843750;-0.812781;-0.515527;0.962486905;-0.332103413
61845625;-0.814371;-0.51358;0.962789978;-0.32936878
61847500;-0.815099;-0.510828;0.961941591;-0.337025945
61849375;-0.814855;-0.510278;0.961442826;-0.341530733
61851250;-0.815037;-0.511175;0.962073382;-0.335836021
61853125;-0.817139;-0.511805;0.964189039;-0.316756197
61855000;-0.818916;-0.510448;0.964976982;-0.309660919
61856875;-0.818436;-0.509189;0.963904001;-0.319324338
61858750;-0.817987;-0.507101;0.962420987;-0.332698302
61860625;-0.818664;-0.505535;0.96217274;-0.334939034
61862500;-0.819779;-0.504062;0.962349265;-0.333345617
61864375;-0.821285;-0.506106;0.964703236;-0.312125289
61866250;-0.821753;-0.505265;0.964660932;-0.312506196
61868125;-0.823661;-0.501588;0.964369206;-0.315133321
61870000;-0.821837;-0.501925;0.962987414;-0.327587776
61871875;-0.823429;-0.501707;0.964232976;-0.316360402
61873750;-0.821623;-0.498812;0.961185604;-0.343854847
61875625;-0.825164;-0.501711;0.965717119;-0.303001396
61877500;-0.823551;-0.497785;0.962302528;-0.333767464
61879375;-0.82728;-0.495193;0.964161971;-0.317000047
61881250;-0.825433;-0.497495;0.96376393;-0.320586635
61883125;-0.824515;-0.493862;0.961105957;-0.344574621
61885000;-0.828878;-0.49493;0.965398593;-0.305866767
61886875;-0.828086;-0.493905;0.964193224;-0.316718502
61888750;-0.827469;-0.493156;0.963279703;-0.32495181
61890625;-0.826756;-0.491329;0.961732639;-0.338912891
61892500;-0.826441;-0.490067;0.960817564;-0.347181332
61894375;-0.82919;-0.489474;0.962881536;-0.328542821
61896250;-0.830101;-0.485903;0.961857264;-0.33778742
61898125;-0.83113;-0.487118;0.963359239;-0.324234667
61900000;-0.831477;-0.487971;0.964090088;-0.317647641
61901875;-0.83544;-0.484508;0.965768086;-0.302543002
61903750;-0.834939;-0.487447;0.966813173;-0.293148818
61905625;-0.832962;-0.48334;0.96303855;-0.327126557
61907500;-0.831704;-0.482833;0.961696028;-0.339243557
61909375;-0.833962;-0.482181;0.963322965;-0.324561729
61911250;-0.835775;-0.479011;0.963312716;-0.324654138
61913125;-0.837175;-0.476394;0.963230618;-0.325394419
61915000;-0.836479;-0.478673;0.963755653;-0.320661232
61916875;-0.834593;-0.476865;0.961220944;-0.343535496
61918750;-0.837812;-0.476894;0.964031553;-0.318175029
61920625;-0.839612;-0.472119;0.963246937;-0.325247271
61922500;-0.839375;-0.473587;0.963760882;-0.320614107
61924375;-0.839105;-0.475802;0.964616372;-0.31290743
61926250;-0.838618;-0.471709;0.962179573;-0.334877348
61928125;-0.840474;-0.469833;0.962880882;-0.328548724
61930000;-0.841754;-0.47111;0.964621391;-0.312862229
61931875;-0.839247;-0.468766;0.961289285;-0.342917969
61933750;-0.840394;-0.466383;0.961132237;-0.344337115
61935625;-0.84227;-0.467214;0.963175828;-0.325888506
61937500;-0.843434;-0.468098;0.964622543;-0.312851861
61939375;-0.844222;-0.464854;0.963742718;-0.320777808
61941250;-0.845319;-0.465669;0.965096798;-0.308582506
61943125;-0.845376;-0.464604;0.964633328;-0.312754743
61945000;-0.84533;-0.462891;0.963769104;-0.320539999
61946875;-0.844528;-0.461031;0.962173127;-0.33493554
61948750;-0.844768;-0.460729;0.962239152;-0.334339528
61950625;-0.847547;-0.460778;0.96470321;-0.312125532
61952500;-0.847714;-0.459685;0.964328432;-0.315500567
61954375;-0.850039;-0.457064;0.965128904;-0.308293554
61956250;-0.846323;-0.454759;0.960764471;-0.347661311
61958125;-0.84914;-0.451661;0.961788126;-0.338411782
61960000;-0.848822;-0.454548;0.962866903;-0.328674828
61961875;-0.849456;-0.45324;0.962809427;-0.329193319
61963750;-0.848093;-0.452158;0.961097598;-0.34465016
61965625;-0.848597;-0.44886;0.959995921;-0.354612247
61967500;-0.850915;-0.45142;0.963242624;-0.325286154
61969375;-0.850832;-0.45244;0.963647781;-0.321633486
61971250;-0.850816;-0.447051;0.961115218;-0.344490923
61973125;-0.853038;-0.445599;0.962409631;-0.33280079
61975000;-0.852524;-0.444717;0.961545829;-0.340600236
61976875;-0.853499;-0.44552;0.962781706;-0.329443409
61978750;-0.855639;-0.443634;0.963809745;-0.320173739
61980625;-0.85247;-0.442765;0.960596662;-0.349178541
61982500;-0.854862;-0.442313;0.962512249;-0.331874701
61984375;-0.85585;-0.442561;0.963503742;-0.322931885
61986250;-0.856319;-0.439246;0.962402867;-0.332861839
61988125;-0.857459;-0.436318;0.962085928;-0.335722746
61990000;-0.854672;-0.438045;0.960389322;-0.351053546
61991875;-0.856955;-0.435892;0.961443554;-0.341524158
61993750;-0.857798;-0.434098;0.961383629;-0.34206555
61995625;-0.86024;-0.432086;0.962658386;-0.330556027
61997500;-0.857246;-0.432651;0.9602383;-0.352419518
61999375;-0.861046;-0.429319;0.962140851;-0.335226907
62001250;-0.861317;-0.429717;0.962560998;-0.331434791
62003125;-0.862035;-0.429208;0.962976557;-0.327685711
62005000;-0.858411;-0.428849;0.959573296;-0.358436934
62006875;-0.861447;-0.427294;0.961598199;-0.340127175
62008750;-0.861243;-0.427638;0.961568388;-0.340396458
62010625;-0.863244;-0.427173;0.9631547;-0.326079038
62012500;-0.864483;-0.423273;0.962543968;-0.331588467
62014375;-0.860297;-0.423162;0.958737194;-0.366008482
62016250;-0.866039;-0.425094;0.96474269;-0.311770067
62018125;-0.865204;-0.422661;0.962922781;-0.328170769
62020000;-0.864583;-0.419458;0.960962423;-0.345871892
62021875;-0.865605;-0.419341;0.961831009;-0.33802451
62023750;-0.865905;-0.420201;0.962476155;-0.332200421
62025625;-0.865304;-0.417354;0.960695255;-0.348287083
62027500;-0.863537;-0.416837;0.958879156;-0.364722442
62029375;-0.868125;-0.415477;0.962425142;-0.332660808
62031250;-0.868959;-0.415628;0.963242637;-0.325286039
62033125;-0.867398;-0.413108;0.960748411;-0.347806499
62035000;-0.868166;-0.411515;0.96075845;-0.347715746
62036875;-0.870153;-0.411421;0.962514147;-0.331857573
62038750;-0.87113;-0.408723;0.962248392;-0.334256121
62040625;-0.87024;-0.408217;0.961227744;-0.343474048
62042500;-0.869615;-0.407205;0.960232347;-0.352473364
62044375;-0.871726;-0.407212;0.962147511;-0.33516679
62046250;-0.873733;-0.403014;0.962200415;-0.334689198
62048125;-0.873035;-0.403146;0.961621968;-0.339912481
62050000;-0.872168;-0.403132;0.960829032;-0.347077655
62051875;-0.875188;-0.402211;0.963186235;-0.325794649
62053750;-0.874726;-0.400274;0.961958861;-0.336870011
62055625;-0.87313;-0.400742;0.960702944;-0.348217565
62057500;-0.874162;-0.398625;0.960760684;-0.347695542
62059375;-0.874924;-0.396942;0.960757491;-0.34772441
62061250;-0.878385;-0.395727;0.963410643;-0.323771206
62063125;-0.877347;-0.394272;0.961867022;-0.337699298
62065000;-0.876367;-0.3941;0.960902663;-0.346412056
62066875;-0.878372;-0.392064;0.961899969;-0.337401785
62068750;-0.879554;-0.39228;0.963067411;-0.326866261
62070625;-0.880016;-0.38973;0.962453964;-0.332400687
62072500;-0.880649;-0.391773;0.963861372;-0.319708485
62074375;-0.878894;-0.391559;0.962171042;-0.334954361
62076250;-0.879798;-0.386868;0.961099043;-0.344637105
62078125;-0.879795;-0.386266;0.960854133;-0.34685075
62080000;-0.881383;-0.383217;0.961088582;-0.344731648
62081875;-0.883823;-0.382925;0.963210595;-0.325574976
62083750;-0.882127;-0.384143;0.962140265;-0.335232205
62085625;-0.882444;-0.381509;0.961382614;-0.342074723
62087500;-0.879474;-0.380725;0.958345471;-0.369558102
62089375;-0.883138;-0.37997;0.961410385;-0.341823822
62091250;-0.884285;-0.377078;0.961326053;-0.342585757
62093125;-0.881803;-0.375053;0.958249072;-0.370431855
62095000;-0.885096;-0.374096;0.960907252;-0.346370582
62096875;-0.885017;-0.374606;0.961033166;-0.345232488
62098750;-0.886022;-0.37521;0.962194122;-0.334746009
62100625;-0.886722;-0.371873;0.961543256;-0.340623475
62102500;-0.886599;-0.372139;0.961532746;-0.340718414
62104375;-0.887571;-0.370866;0.96193756;-0.337062345
62106250;-0.887977;-0.369298;0.961708982;-0.339126559
62108125;-0.888848;-0.37033;0.962909693;-0.328288834
62110000;-0.889992;-0.363382;0.961317969;-0.342658793
62111875;-0.891093;-0.362416;0.96197302;-0.336742163
62113750;-0.892379;-0.363031;0.963395966;-0.323903534
62115625;-0.887276;-0.363508;0.958851796;-0.364970281
62117500;-0.890247;-0.362046;0.961049961;-0.345080693
62119375;-0.890926;-0.36177;0.961575099;-0.340335837
62121250;-0.890699;-0.361613;0.961305711;-0.34276955
62123125;-0.894524;-0.357072;0.963158139;-0.326048026
62125000;-0.8944;-0.358869;0.963710703;-0.321066354
62126875;-0.893052;-0.358821;0.962441886;-0.332509687
62128750;-0.893209;-0.356171;0.96160288;-0.340084892
62130625;-0.895001;-0.353579;0.962312267;-0.333679561
62132500;-0.894017;-0.354144;0.9616051;-0.340064837
62134375;-0.894477;-0.352051;0.961264277;-0.343143938
62136250;-0.893816;-0.351192;0.960334766;-0.351546971
62138125;-0.895203;-0.351256;0.961649203;-0.339666484
62140000;-0.895539;-0.348979;0.961132896;-0.344331168
62141875;-0.895556;-0.347382;0.960570041;-0.349419255
62143750;-0.896987;-0.345803;0.961335214;-0.342502984
62145625;-0.897578;-0.342814;0.960816166;-0.347193969
62147500;-0.897339;-0.342898;0.960622881;-0.348941464
62149375;-0.895749;-0.342901;0.959138867;-0.362370194
62151250;-0.897475;-0.340424;0.959869718;-0.355754186
62153125;-0.897884;-0.337758;0.959310244;-0.360818359
62155000;-0.898759;-0.337715;0.96011414;-0.353542687
62156875;-0.898835;-0.335979;0.959576076;-0.358411766
62158750;-0.899731;-0.337018;0.960779374;-0.347526583
62160625;-0.900598;-0.332746;0.960102421;-0.353648707
62162500;-0.899258;-0.333966;0.959269639;-0.361186018
62164375;-0.901655;-0.333525;0.961363961;-0.342243253
62166250;-0.901369;-0.33306;0.960934461;-0.346124636
62168125;-0.900631;-0.331215;0.959603863;-0.358160246
62170000;-0.902203;-0.331351;0.961126286;-0.344390896
62171875;-0.90444;-0.32802;0.962085669;-0.335725091
62173750;-0.901205;-0.324808;0.957951298;-0.373131398
62175625;-0.904408;-0.326876;0.961666132;-0.339513572
62177500;-0.901151;-0.323615;0.957496628;-0.377254934
62179375;-0.904172;-0.32215;0.959847711;-0.35595333
62181250;-0.905;-0.320209;0.959978543;-0.354769477
62183125;-0.905577;-0.320402;0.960586875;-0.349267032
62185000;-0.907141;-0.315895;0.960569854;-0.349420941
62186875;-0.905511;-0.315404;0.95886905;-0.364813986
62188750;-0.906223;-0.315056;0.959427125;-0.359760143
62190625;-0.909451;-0.312095;0.961511524;-0.340910127
62192500;-0.905766;-0.312973;0.958313177;-0.369850802
62194375;-0.90838;-0.312429;0.960607154;-0.349083666
62196250;-0.909164;-0.30941;0.960371661;-0.351213276
62198125;-0.909106;-0.310083;0.960533803;-0.349746941
62200000;-0.908968;-0.307501;0.95957266;-0.358442687
62201875;-0.908283;-0.305523;0.95829135;-0.370048639
62203750;-0.909519;-0.305767;0.959540656;-0.358732391
62205625;-0.912734;-0.301741;0.961317318;-0.342664677
62207500;-0.909703;-0.301783;0.958453195;-0.36858181
62209375;-0.912029;-0.303785;0.961291955;-0.342893844
62211250;-0.912236;-0.300277;0.960385754;-0.351085815
62213125;-0.912985;-0.300034;0.961021338;-0.345339391
62215000;-0.913242;-0.297639;0.960520653;-0.349865851
62216875;-0.913125;-0.296953;0.960197037;-0.352792771
62218750;-0.91396;-0.295218;0.960456427;-0.350446655
62220625;-0.912219;-0.2939;0.958394863;-0.369110453
62222500;-0.911626;-0.290841;0.956896259;-0.382702863
62224375;-0.912687;-0.28999;0.95764908;-0.375872086
62226250;-0.915312;-0.290946;0.960440332;-0.350592212
62228125;-0.91479;-0.28742;0.958880076;-0.364714103
62230000;-0.915318;-0.288279;0.959641508;-0.357819514
62231875;-0.917459;-0.285305;0.960796524;-0.34737154
62233750;-0.91928;-0.285754;0.962668721;-0.330462778
62235625;-0.916821;-0.279146;0.95837531;-0.369287663
62237500;-0.916919;-0.280877;0.95897463;-0.363857638
62239375;-0.917398;-0.280876;0.959432341;-0.35971292
62241250;-0.919362;-0.279284;0.960846522;-0.346919547
62243125;-0.918916;-0.274792;0.959123172;-0.362512334
62245000;-0.917396;-0.276753;0.958231519;-0.370590962
62246875;-0.916973;-0.274368;0.957140158;-0.38048924
62248750;-0.918828;-0.272733;0.958450929;-0.368602349
62250625;-0.921278;-0.272576;0.960755343;-0.347743833
62252500;-0.919154;-0.269987;0.957985937;-0.372817322
62254375;-0.920561;-0.269775;0.959276345;-0.361125299
62256250;-0.920532;-0.267739;0.95867791;-0.366545592
62258125;-0.923108;-0.264849;0.960350651;-0.3514033
62260000;-0.921961;-0.264085;0.959037524;-0.363287998
62261875;-0.924262;-0.261184;0.960456832;-0.350442995
62263750;-0.921776;-0.262473;0.95841696;-0.36891019
62265625;-0.922613;-0.26122;0.958879886;-0.364715824
62267500;-0.922621;-0.260282;0.958632479;-0.366957222
62269375;-0.922861;-0.256499;0.957843496;-0.37410891
62271250;-0.92113;-0.254782;0.955716665;-0.393416818
62273125;-0.922181;-0.252447;0.956110498;-0.389838265
62275000;-0.924667;-0.25178;0.958333047;-0.369670708
62276875;-0.923379;-0.253352;0.957505098;-0.377178097
62278750;-0.923198;-0.249514;0.956322008;-0.38791699
62280625;-0.92723;-0.249204;0.960134421;-0.353359209
62282500;-0.925876;-0.244224;0.957544636;-0.376819446
62284375;-0.926255;-0.244143;0.957890458;-0.373683059
62286250;-0.924001;-0.24471;0.955856073;-0.392149925
62288125;-0.92898;-0.243526;0.960369071;-0.351236697
62290000;-0.928357;-0.239399;0.958727595;-0.366095447
62291875;-0.928116;-0.23744;0.958006818;-0.372628003
62293750;-0.927774;-0.237887;0.957786417;-0.374626529
62295625;-0.927685;-0.236751;0.957418662;-0.377962226
62297500;-0.927874;-0.233724;0.956857914;-0.383050934
62299375;-0.928558;-0.232928;0.957327223;-0.378791819
62301250;-0.924925;-0.230333;0.953173408;-0.416561642
62303125;-0.929962;-0.229592;0.957884026;-0.373741379
62305000;-0.930287;-0.22721;0.957631603;-0.376030605
62306875;-0.929579;-0.226508;0.956777399;-0.383781842
62308750;-0.930916;-0.222954;0.957242438;-0.379561116
62310625;-0.930257;-0.223935;0.95683069;-0.383298061
62312500;-0.930572;-0.222302;0.9567562;-0.383974295
62314375;-0.930909;-0.220097;0.956574229;-0.385626472
62316250;-0.933678;-0.219296;0.959085681;-0.362851859
62318125;-0.930786;-0.217489;0.955857752;-0.392134663
62320000;-0.933084;-0.214399;0.957398915;-0.378141381
62321875;-0.933762;-0.213237;0.95780034;-0.374500265
62323750;-0.933235;-0.210919;0.956772904;-0.38382265
62325625;-0.931705;-0.210517;0.955191925;-0.398187149
62327500;-0.934251;-0.208752;0.957289052;-0.37913816
62329375;-0.933645;-0.207515;0.956428492;-0.38694989
62331250;-0.934254;-0.205389;0.956564257;-0.38571702
62333125;-0.934722;-0.201996;0.956298908;-0.388126804
62335000;-0.935577;-0.202693;0.957281973;-0.379202391
62336875;-0.934687;-0.19928;0.955694672;-0.393616702
62338750;-0.934498;-0.198608;0.955369902;-0.396568897
62340625;-0.935788;-0.194357;0.955758246;-0.393038928
62342500;-0.934699;-0.194508;0.954722778;-0.402454317
62344375;-0.935047;-0.192843;0.95472578;-0.402427005
62346250;-0.936994;-0.188821;0.955830072;-0.392386202
62348125;-0.934767;-0.19004;0.953889169;-0.410041652
62350000;-0.935812;-0.189145;0.954735529;-0.402338311
62351875;-0.935632;-0.18728;0.9541913;-0.407290946
62353750;-0.937815;-0.184907;0.955870061;-0.392022819
62355625;-0.935773;-0.183543;0.953603241;-0.412645636
62357500;-0.933044;-0.179461;0.950145966;-0.444193425
62359375;-0.937881;-0.180232;0.95504154;-0.399554759
62361250;-0.935867;-0.178059;0.952655263;-0.421284583
62363125;-0.938028;-0.175618;0.954326051;-0.406064419
62365000;-0.939505;-0.17265;0.955236969;-0.397777559
62366875;-0.937111;-0.170927;0.952571817;-0.42204544
62368750;-0.938009;-0.16894;0.953101048;-0.417221058
62370625;-0.938273;-0.167047;0.953027241;-0.417893706
62372500;-0.939349;-0.16461;0.953662936;-0.412101915
62374375;-0.940093;-0.163296;0.954170023;-0.407484637
62376250;-0.940062;-0.161402;0.953817157;-0.410697395
62378125;-0.941309;-0.160759;0.954937741;-0.400498841
62380000;-0.939575;-0.157637;0.952706988;-0.420812988
62381875;-0.939549;-0.155244;0.952288309;-0.42463095
62383750;-0.941068;-0.152979;0.953420975;-0.414305961
62385625;-0.939936;-0.151852;0.952123266;-0.426136445
62387500;-0.942335;-0.149987;0.954196705;-0.407241747
62389375;-0.94259;-0.147232;0.954019481;-0.40885514
62391250;-0.940908;-0.146561;0.952254163;-0.4249424
62393125;-0.941361;-0.142442;0.952076812;-0.426560242
62395000;-0.944507;-0.142597;0.955210646;-0.398016922
62396875;-0.942861;-0.138878;0.953034083;-0.417831347
62398750;-0.940333;-0.138563;0.950487168;-0.441074842
62400625;-0.942878;-0.135507;0.95256552;-0.422102854
62402500;-0.940283;-0.132983;0.949640247;-0.448817756
62404375;-0.943601;-0.131642;0.952739452;-0.420517014
62406250;-0.942107;-0.127356;0.950676154;-0.439347987
62408125;-0.942678;-0.126398;0.951114223;-0.435346472
62410000;-0.941568;-0.124849;0.949809229;-0.447272297
62411875;-0.941098;-0.121195;0.948869682;-0.455868591
62413750;-0.941732;-0.119176;0.949242898;-0.452452872
62415625;-0.942337;-0.118684;0.949781508;-0.447525803
62417500;-0.942574;-0.115258;0.94959473;-0.449234081
62419375;-0.942743;-0.113404;0.949539273;-0.449741361
62421250;-0.942721;-0.109909;0.949106354;-0.453702378
62423125;-0.944452;-0.105137;0.950285941;-0.44291392
62425000;-0.943081;-0.104607;0.948864794;-0.455913338
62426875;-0.944292;-0.103727;0.949971932;-0.445784524
62428750;-0.944046;-0.0981645;0.949135986;-0.453431208
62430625;-0.943573;-0.0976621;0.948613669;-0.458212438
62432500;-0.943157;-0.0929397;0.947725126;-0.466352105
62434375;-0.942377;-0.0926495;0.946920451;-0.473730077
62436250;-0.942931;-0.0907839;0.947291184;-0.470330089
62438125;-0.941506;-0.0900828;0.945805719;-0.483961281
62440000;-0.941103;-0.0854098;0.944970735;-0.491632818
62441875;-0.943937;-0.0820515;0.947496443;-0.468448239
62443750;-0.942062;-0.0790908;0.945376204;-0.487906673
62445625;-0.943422;-0.0765329;0.946521186;-0.477393219
62447500;-0.941072;-0.0741373;0.943987737;-0.500672944
62449375;-0.944451;-0.0716157;0.947162341;-0.471511556
62451250;-0.942071;-0.068996;0.944594208;-0.495094438
62453125;-0.942483;-0.0660911;0.944797459;-0.493225667
62455000;-0.941004;-0.0622104;0.943058143;-0.509230608
62456875;-0.942976;-0.0612345;0.944962116;-0.491712045
62458750;-0.942513;-0.0575406;0.944267799;-0.498096406
62460625;-0.939431;-0.0536444;0.940961384;-0.528563987
62462500;-0.939158;-0.0501834;0.940497806;-0.532844267
62464375;-0.940359;-0.0452954;0.941449267;-0.524061568
62466250;-0.941147;-0.0431514;0.942135722;-0.517730583
62468125;-0.938644;-0.0421372;0.939589326;-0.541238507
62470000;-0.940631;-0.0404419;0.941499987;-0.523593633
62471875;-0.939609;-0.0336354;0.940210834;-0.535494972
62473750;-0.937852;-0.0315196;0.93838151;-0.55241116
62475625;-0.939427;-0.0278415;0.939839474;-0.538926362
62477500;-0.938259;-0.023694;0.938558126;-0.550776513
62479375;-0.937523;-0.0227653;0.937799357;-0.557801385
62481250;-0.938389;-0.0170939;0.93854468;-0.550900952
62483125;-0.935362;-0.0144916;0.935474253;-0.579363224
62485000;-0.936863;-0.0128396;0.936950978;-0.565662618
62486875;-0.936916;-0.00687859;0.93694125;-0.565752805
62488750;-0.935183;-0.00284207;0.935187319;-0.582027819
62490625;-0.934597;-1.75E-05;0.934597;-0.587512346
62492500;-0.932511;0.00467078;0.932522697;-0.606811774
62494375;-0.930091;0.00666622;0.930114889;-0.62926807
62496250;-0.932979;0.0131561;0.933071754;-0.601699151
62498125;-0.932099;0.0157539;0.932232123;-0.609518723
62500000;-0.927509;0.019355;0.927710925;-0.651746576
62501875;-0.930413;0.0239991;0.930722465;-0.623596064
62503750;-0.928229;0.0279375;0.928649331;-0.642964994
62505625;-0.928791;0.0345554;0.92943359;-0.635632725
62507500;-0.926924;0.036302;0.927634592;-0.65246129
62509375;-0.925371;0.042606;0.926351315;-0.664485553
62511250;-0.924649;0.0456771;0.925776523;-0.669876735
62513125;-0.922852;0.0523447;0.924335319;-0.683409046
62515000;-0.920132;0.0541851;0.921726056;-0.707962707
62516875;-0.919298;0.0598453;0.921243873;-0.712507755
62518750;-0.91888;0.0648888;0.921168286;-0.713220449
62520625;-0.915952;0.0703755;0.918651608;-0.736983207
62522500;-0.913486;0.0756321;0.916611634;-0.756292701
62524375;-0.913133;0.0796646;0.916601508;-0.756388653
62526250;-0.913003;0.085211;0.91697077;-0.752890162
62528125;-0.909215;0.09151;0.913808512;-0.782896019
62530000;-0.905178;0.0969255;0.910352549;-0.815807744
62531875;-0.904943;0.102852;0.910769107;-0.811834174
62533750;-0.901038;0.107833;0.907467594;-0.843377501
62535625;-0.898229;0.113129;0.905325084;-0.863908931
62537500;-0.896511;0.120318;0.904548724;-0.871360693
62539375;-0.893549;0.126236;0.902421932;-0.891807169
62541250;-0.888729;0.131288;0.898373961;-0.930856885
62543125;-0.888911;0.138001;0.89955936;-0.919403465
62545000;-0.884264;0.143859;0.895889632;-0.954909784
62546875;-0.87959;0.150766;0.892417478;-0.988638654
62548750;-0.879043;0.157728;0.893081585;-0.982177309
62550625;-0.873;0.166476;0.888731263;-1.024590843
62552500;-0.86896;0.172764;0.885967765;-1.05164158
62554375;-0.862978;0.17948;0.881444325;-1.096102276
62556250;-0.860286;0.185979;0.880159185;-1.108775495
62558125;-0.852225;0.190581;0.873274624;-1.176983196
62560000;-0.845351;0.201634;0.86906535;-1.218951301
62561875;-0.843032;0.209491;0.868671072;-1.222892813
62563750;-0.835474;0.217803;0.863397331;-1.275785962
62565625;-0.828379;0.224214;0.858186277;-1.328368692
62567500;-0.82321;0.23386;0.855783386;-1.352722982
62569375;-0.816934;0.244153;0.852638169;-1.384704591
62571250;-0.80718;0.25153;0.845462532;-1.45811268
62573125;-0.799092;0.259086;0.840043796;-1.513961421
62575000;-0.791224;0.268112;0.835415742;-1.561946904
62576875;-0.78201;0.278624;0.830163221;-1.616730225
62578750;-0.769175;0.28547;0.820440919;-1.719053752
62580625;-0.760991;0.293259;0.815541626;-1.771077349
62582500;-0.747729;0.303393;0.806936162;-1.863216431
62584375;-0.734358;0.312263;0.797991136;-1.960038653
62586250;-0.72283;0.321481;0.791096228;-2.035413722
62588125;-0.708277;0.330681;0.781668877;-2.139543598
62590000;-0.69222;0.339293;0.770900946;-2.26002843
62591875;-0.675515;0.347034;0.759442633;-2.390100532
62593750;-0.659735;0.355013;0.749189229;-2.508169505
62595625;-0.641303;0.365162;0.737978878;-2.639121365
62597500;-0.62158;0.370619;0.723685111;-2.809007251
62599375;-0.600316;0.377271;0.70902236;-2.986801368
62601250;-0.578974;0.383427;0.694425775;-3.167483356
62603125;-0.556478;0.388748;0.678817186;-3.364943419
62605000;-0.530918;0.393385;0.660776574;-3.59890724
62606875;-0.503985;0.395046;0.640361009;-3.87150239
62608750;-0.47608;0.397819;0.620412865;-4.146384102
62610625;-0.449548;0.395248;0.598593673;-4.457357552
62612500;-0.418284;0.394956;0.575284057;-4.802353226
62614375;-0.38618;0.388871;0.548047121;-5.223641984
62616250;-0.353818;0.384992;0.522882412;-5.631919316
62618125;-0.319697;0.373503;0.491640786;-6.167041907
62620000;-0.286942;0.36078;0.460974967;-6.726453171
62621875;-0.253541;0.345304;0.428389882;-7.363215901
62623750;-0.218889;0.327382;0.393816414;-8.094123726
62625625;-0.186579;0.304534;0.357145181;-8.943104107
62627500;-0.153857;0.278461;0.318139128;-9.947658264
62629375;-0.12444;0.248586;0.277993369;-11.11931128
62631250;-0.0945967;0.215743;0.235570749;-12.55757275
62633125;-0.0691429;0.178412;0.191341533;-14.363815
62635000;-0.0466496;0.138832;0.146459924;-16.6856239
62636875;-0.0283586;0.0967774;0.100846791;-19.9267583
62638750;-0.0134266;0.0533054;0.054970349;-25.19743013
62640625;-0.00357626;0.00706144;0.007915401;-42.03054175
62642500;0.0015781;-0.0389028;0.038934795;-28.19324219
62644375;0.00301528;-0.0848181;0.08487168;-21.42474406
62646250;-0.000573676;-0.131289;0.131290253;-17.63535027
62648125;-0.00771413;-0.175779;0.175948187;-15.09230406
62650000;-0.020715;-0.218105;0.219086518;-13.18768695
62651875;-0.0366242;-0.25882;0.261398402;-11.65394144
62653750;-0.054803;-0.297619;0.3026226;-10.38197284
62655625;-0.0748965;-0.33322;0.341533387;-9.331336711
62657500;-0.0992497;-0.3659;0.379121765;-8.424425641
62659375;-0.123981;-0.393203;0.412286172;-7.696024624
62661250;-0.151391;-0.419494;0.445975841;-7.013773334
62663125;-0.178254;-0.44184;0.476442099;-6.439797406
62665000;-0.20696;-0.462012;0.506248486;-5.912725249
62666875;-0.234259;-0.479492;0.533657059;-5.454754823
62668750;-0.262684;-0.492776;0.558418365;-5.06080615
62670625;-0.289745;-0.506779;0.583761184;-4.675295719
62672500;-0.31626;-0.516929;0.605999982;-4.350547769
62674375;-0.34096;-0.525843;0.626709328;-4.058676819
62676250;-0.368211;-0.531859;0.646879692;-3.783529651
62678125;-0.391347;-0.534317;0.66230441;-3.578847069
62680000;-0.41573;-0.536492;0.678715772;-3.366241173
62681875;-0.438213;-0.541213;0.696377875;-3.143100711
62683750;-0.460288;-0.542904;0.711765268;-2.953264166
62685625;-0.480452;-0.54031;0.723027676;-2.816901569
62687500;-0.499599;-0.539743;0.73547377;-2.668656224
62689375;-0.519576;-0.537488;0.747564425;-2.527027476
62691250;-0.538273;-0.534544;0.758600758;-2.39973455
62693125;-0.555755;-0.531553;0.769033297;-2.281097121
62695000;-0.570569;-0.528876;0.777983809;-2.180588824
62696875;-0.585161;-0.52523;0.786307795;-2.088148377
62698750;-0.601237;-0.523853;0.797438334;-1.966057825
62700625;-0.613628;-0.517552;0.802744913;-1.908448759
62702500;-0.627482;-0.51291;0.810438356;-1.825600265
62704375;-0.640492;-0.506479;0.81654821;-1.760363376
62706250;-0.651424;-0.503384;0.82325493;-1.689313201
62708125;-0.662838;-0.496859;0.828385828;-1.635346792
62710000;-0.676413;-0.491616;0.836194259;-1.553856374
62711875;-0.683711;-0.48777;0.839869219;-1.515766708
62713750;-0.692766;-0.479726;0.842651628;-1.487038719
62715625;-0.703568;-0.474781;0.848778492;-1.424112679
62717500;-0.713468;-0.47173;0.855316187;-1.357466175
62719375;-0.720454;-0.464628;0.857282418;-1.337521661
62721250;-0.72937;-0.460964;0.862825826;-1.281537281
62723125;-0.736737;-0.454472;0.865636301;-1.253290787
62725000;-0.742474;-0.448443;0.867391933;-1.235692428
62726875;-0.751956;-0.446081;0.874314637;-1.166645019
62728750;-0.757617;-0.440585;0.876412381;-1.14582992
62730625;-0.763096;-0.435207;0.878476316;-1.125398853
62732500;-0.767468;-0.429716;0.879581134;-1.114481884
62734375;-0.776501;-0.422998;0.884240415;-1.068592786
62736250;-0.78051;-0.41959;0.886144248;-1.049911544
62738125;-0.786145;-0.41455;0.888749494;-1.024412668
62740000;-0.790493;-0.411529;0.8911988;-1.00050814
62741875;-0.796753;-0.402555;0.89267344;-0.986147732
62743750;-0.801136;-0.400496;0.895665081;-0.957087147
62745625;-0.806007;-0.396981;0.898466025;-0.929966815
62747500;-0.809757;-0.39047;0.898984549;-0.924955447
62749375;-0.813586;-0.38558;0.900330004;-0.911965532
62751250;-0.820008;-0.384342;0.905611337;-0.861162991
62753125;-0.822663;-0.375054;0.904123838;-0.875441601
62755000;-0.825936;-0.372595;0.906089019;-0.856582658
62756875;-0.830535;-0.370428;0.909398312;-0.824917128
62758750;-0.833914;-0.362792;0.909412225;-0.824784241
62760625;-0.835684;-0.361554;0.910543268;-0.813988244
62762500;-0.836519;-0.357354;0.909651537;-0.822498847
62764375;-0.843276;-0.352557;0.914008124;-0.780998884
62766250;-0.846338;-0.348843;0.915412174;-0.767666321
62768125;-0.84923;-0.34433;0.91638133;-0.758475352
62770000;-0.85282;-0.341447;0.918633772;-0.737151855
62771875;-0.853378;-0.336067;0.917166855;-0.751032971
62773750;-0.856502;-0.333328;0.919077381;-0.732958443
62775625;-0.861817;-0.328391;0.922263081;-0.702903525
62777500;-0.862451;-0.327211;0.922436321;-0.701272102
62779375;-0.865269;-0.321755;0.923155849;-0.694499482
62781250;-0.864288;-0.318252;0.921020131;-0.71461754
62783125;-0.870507;-0.317558;0.926620483;-0.661962074
62785000;-0.871318;-0.311148;0.925207077;-0.67522108
62786875;-0.874614;-0.307801;0.927195289;-0.65657567
62788750;-0.875533;-0.304717;0.927043949;-0.657993525
62790625;-0.876052;-0.301677;0.926539864;-0.662717815
62792500;-0.879841;-0.299011;0.929261946;-0.637236948
62794375;-0.881862;-0.293016;0.929267972;-0.637180621
62796250;-0.881535;-0.290883;0.928287065;-0.646354017
62798125;-0.881786;-0.289296;0.928029485;-0.648764505
62800000;-0.886228;-0.285729;0.931150433;-0.619603006
62801875;-0.888257;-0.281589;0.931822334;-0.613337687
62803750;-0.888341;-0.280037;0.931434621;-0.616952469
62805625;-0.891288;-0.277658;0.933535358;-0.59738457
62807500;-0.892977;-0.273062;0.933793756;-0.59498069
62809375;-0.895692;-0.272095;0.936108887;-0.573472637
62811250;-0.897308;-0.266125;0.935940256;-0.575037457
62813125;-0.895459;-0.265126;0.93388362;-0.594144834
62815000;-0.898249;-0.263168;0.936006764;-0.574420257
62816875;-0.898431;-0.260451;0.935421288;-0.57985502
62818750;-0.901227;-0.256948;0.937140534;-0.563905546
62820625;-0.901528;-0.252141;0.936123827;-0.573334016
62822500;-0.900614;-0.25109;0.934960836;-0.584131612
62824375;-0.903694;-0.249019;0.937375756;-0.561725662
62826250;-0.904326;-0.247124;0.937483752;-0.560725008
62828125;-0.904345;-0.242197;0.936215395;-0.572484433
62830000;-0.909096;-0.239293;0.94006206;-0.536869491
62831875;-0.90566;-0.238531;0.936545286;-0.569424351
62833750;-0.910026;-0.23485;0.939841393;-0.538908633
62835625;-0.910431;-0.228512;0.938670517;-0.549736454
62837500;-0.911968;-0.230112;0.940551522;-0.532348189
62839375;-0.911505;-0.228155;0.939625494;-0.540904168
62841250;-0.913361;-0.224549;0.940558648;-0.532282385
62843125;-0.914637;-0.224304;0.941739415;-0.521385048
62845000;-0.91605;-0.217822;0.94159122;-0.522751993
62846875;-0.914614;-0.21671;0.939937228;-0.538022977
62848750;-0.919825;-0.21618;0.944887201;-0.492400672
62850625;-0.916714;-0.210746;0.940626618;-0.531654715
62852500;-0.917278;-0.210727;0.941172034;-0.526619718
62854375;-0.920653;-0.209034;0.944085356;-0.499774775
62856250;-0.922175;-0.206534;0.945020118;-0.491178917
62858125;-0.922756;-0.205758;0.945417892;-0.487523661
62860000;-0.922157;-0.200828;0.94377191;-0.502659058
62861875;-0.920153;-0.199075;0.94144166;-0.524131751
62863750;-0.925123;-0.197167;0.945900307;-0.48309267
62865625;-0.925499;-0.197031;0.946239723;-0.479976483
62867500;-0.92476;-0.191773;0.94443525;-0.496556236
62869375;-0.922802;-0.190861;0.942332984;-0.515912146
62871250;-0.923757;-0.187221;0.942538433;-0.514018638
62873125;-0.926159;-0.187597;0.944967263;-0.491664737
62875000;-0.926632;-0.183856;0.944695661;-0.494161586
62876875;-0.925628;-0.181978;0.943346801;-0.50657238
62878750;-0.925507;-0.17912;0.942680848;-0.512706322
62880625;-0.929404;-0.178096;0.946313891;-0.479295696
62882500;-0.929791;-0.175106;0.946136045;-0.480928241
62884375;-0.931769;-0.174168;0.947907148;-0.464684034
62886250;-0.930608;-0.171257;0.946234754;-0.480022098
62888125;-0.930617;-0.168438;0.945737469;-0.484588087
62890000;-0.929365;-0.168013;0.944429813;-0.49660624
62891875;-0.933299;-0.166278;0.947995462;-0.463874829
62893750;-0.932466;-0.161565;0.946359388;-0.47887811
62895625;-0.934642;-0.161169;0.948436142;-0.459838098
62897500;-0.931941;-0.159882;0.94555607;-0.486254262
62899375;-0.934746;-0.157871;0.947983827;-0.463981433
62901250;-0.935252;-0.156104;0.948190256;-0.462090236
62903125;-0.934291;-0.153704;0.946849826;-0.474377929
62905000;-0.937303;-0.153215;0.949742992;-0.447878051
62906875;-0.935481;-0.147383;0.947019773;-0.472819066
62908750;-0.936251;-0.148123;0.947895753;-0.464788453
62910625;-0.938471;-0.146066;0.949770022;-0.44763085
62912500;-0.938245;-0.142232;0.9489645;-0.45500068
62914375;-0.938601;-0.142402;0.949341965;-0.451546419
62916250;-0.938446;-0.140592;0.948918861;-0.455418419
62918125;-0.939943;-0.136902;0.949860517;-0.446803291
62920000;-0.939056;-0.136754;0.948961447;-0.455028623
62921875;-0.940818;-0.137742;0.95084771;-0.437780702
62923750;-0.940641;-0.133017;0.949999481;-0.445532643
62925625;-0.939005;-0.132298;0.948279047;-0.461276909
62927500;-0.940274;-0.130277;0.949256178;-0.452331352
62929375;-0.940503;-0.127256;0.949073223;-0.454005591
62931250;-0.941406;-0.124035;0.949541962;-0.449716762
62933125;-0.939628;-0.125662;0.947993521;-0.463892612
62935000;-0.942945;-0.124092;0.951075232;-0.43570256
62936875;-0.941306;-0.121089;0.949062449;-0.454104197
62938750;-0.944423;-0.116177;0.951541853;-0.431442094
62940625;-0.940838;-0.116943;0.948077954;-0.463119039
62942500;-0.944765;-0.117081;0.951992051;-0.427333555
62944375;-0.944484;-0.112111;0.951114558;-0.435343416
62946250;-0.944322;-0.110915;0.950813429;-0.43809386
62948125;-0.944181;-0.110009;0.950568115;-0.44033515
62950000;-0.945192;-0.10906;0.951463084;-0.432161145
62951875;-0.945189;-0.104269;0.950922852;-0.437094317
62953750;-0.944459;-0.104672;0.950241564;-0.443319544
62955625;-0.944961;-0.103505;0.950612737;-0.439927416
62957500;-0.946821;-0.100579;0.952148172;-0.425909242
62959375;-0.944406;-0.0999141;0.949676535;-0.448485856
62961250;-0.94744;-0.097491;0.952442675;-0.42322308
62963125;-0.946232;-0.0960906;0.951098523;-0.435489851
62965000;-0.943036;-0.0958637;0.947895958;-0.464786577
62966875;-0.945779;-0.0927102;0.950312106;-0.442674768
62968750;-0.946452;-0.0919637;0.950909412;-0.437217077
62970625;-0.946771;-0.0901377;0.951052118;-0.435913657
62972500;-0.94603;-0.0898779;0.950289849;-0.442878194
62974375;-0.947294;-0.0873071;0.95130881;-0.433569625
62976250;-0.947769;-0.0875568;0.951804744;-0.429042699
62978125;-0.948283;-0.0850517;0.952089512;-0.426444374
62980000;-0.94682;-0.0827456;0.950428823;-0.441608036
62981875;-0.946349;-0.0805245;0.949768722;-0.447642738
62983750;-0.949675;-0.0766774;0.952765464;-0.420279873
62985625;-0.949918;-0.076396;0.952985076;-0.418278007
62987500;-0.950707;-0.0765303;0.953782306;-0.411014775
62989375;-0.949852;-0.0751929;0.95282359;-0.41974998
62991250;-0.949307;-0.0723861;0.952062775;-0.426688302
62993125;-0.947879;-0.0718061;0.950594927;-0.440090157
62995000;-0.949606;-0.0696665;0.952158063;-0.425819014
62996875;-0.949137;-0.069375;0.951669026;-0.430281307
62998750;-0.947773;-0.0670591;0.950142401;-0.444226012
63000625;-0.954662;-0.0630799;0.956743753;-0.3840873
63002500;-0.953897;-0.0634192;0.956002867;-0.390816107
63004375;-0.949236;-0.063167;0.951335405;-0.4333268
63006250;-0.951978;-0.062722;0.954042013;-0.408650002
63008125;-0.95191;-0.0594994;0.953767701;-0.411147781
63010000;-0.950628;-0.0578823;0.952388553;-0.423716667
63011875;-0.950155;-0.0558788;0.951796703;-0.429116076
63013750;-0.951009;-0.0542536;0.952555285;-0.42219618
63015625;-0.952443;-0.0532797;0.95393207;-0.409651008
63017500;-0.952586;-0.0523399;0.954022826;-0.408824684
63019375;-0.952027;-0.0500706;0.953342789;-0.415018279
63021250;-0.952848;-0.0479527;0.954053862;-0.408542118
63023125;-0.951845;-0.04717;0.953013071;-0.418022858
63025000;-0.952294;-0.047956;0.953500729;-0.413579411
63026875;-0.952687;-0.0431275;0.953662677;-0.412104277
63028750;-0.953508;-0.0426599;0.954461824;-0.404828753
63030625;-0.951525;-0.0413104;0.952421322;-0.42341781
63032500;-0.953551;-0.038866;0.954342745;-0.405912471
63034375;-0.952724;-0.0380896;0.953485101;-0.413721776
63036250;-0.952818;-0.0369221;0.953533105;-0.413284487
63038125;-0.954261;-0.0363776;0.954954128;-0.400349795
63040000;-0.952287;-0.0346291;0.952916421;-0.418903784
63041875;-0.955429;-0.0341258;0.956038255;-0.390494593
63043750;-0.954564;-0.030163;0.955040437;-0.399564793
63045625;-0.953572;-0.0288531;0.954008417;-0.408955868
63047500;-0.950168;-0.0284572;0.950594046;-0.440098204
63049375;-0.953077;-0.0275841;0.953476088;-0.41380388
63051250;-0.953336;-0.0253499;0.953672977;-0.412010468
63053125;-0.95418;-0.0249019;0.954504886;-0.404436885
63055000;-0.954023;-0.0244837;0.954337119;-0.405963682
63056875;-0.952786;-0.020158;0.952999217;-0.418149128
63058750;-0.952435;-0.0198748;0.952642345;-0.421402362
63060625;-0.954325;-0.0172349;0.954480617;-0.404657735
63062500;-0.954219;-0.0177817;0.954384665;-0.40553095
63064375;-0.952677;-0.0162978;0.952816396;-0.419815562
63066250;-0.953901;-0.0150661;0.954019971;-0.408850677
63068125;-0.954627;-0.0123719;0.954707166;-0.402596351
63070000;-0.952636;-0.0123434;0.952715964;-0.420731151
63071875;-0.95514;-0.0105445;0.955198203;-0.398130069
63073750;-0.955157;-0.00943705;0.955203618;-0.398080821
63075625;-0.953509;-0.00874988;0.953549146;-0.413138371
63077500;-0.955388;-0.00604114;0.9554071;-0.396230716
63079375;-0.954213;-0.00460564;0.954224115;-0.406992246
63081250;-0.955475;-0.00314601;0.955480179;-0.395566353
63083125;-0.952563;-0.00317649;0.952568296;-0.422077539
63085000;-0.953648;-0.00122363;0.953648785;-0.412230804
63086875;-0.954047;-0.0021341;0.954049387;-0.408582865
63088750;-0.954981;0.00186292;0.954982817;-0.400088852
63090625;-0.955498;0.00252454;0.955501335;-0.395374036
63092500;-0.954017;0.00400415;0.954025403;-0.408801222
63094375;-0.956698;0.00677151;0.956721964;-0.384285111
63096250;-0.952438;0.00848327;0.952475779;-0.422921188
63098125;-0.953805;0.00784447;0.953837257;-0.410514355
63100000;-0.955406;0.0103024;0.955461545;-0.39573575
63101875;-0.953735;0.0132268;0.953826713;-0.410610376
63103750;-0.953261;0.0126573;0.953345027;-0.414997887
63105625;-0.954165;0.0124197;0.954245826;-0.406794622
63107500;-0.962446;0.0136256;0.962542446;-0.331602202
63109375;-0.958046;0.01652;0.95818842;-0.370981639
63111250;-0.953078;0.0168082;0.953226201;-0.41608058
63113125;-0.959825;0.0166689;0.95996973;-0.354849219
63115000;-0.9561;0.0199475;0.956308064;-0.388043643
63116875;-0.957348;0.0225789;0.957614223;-0.376188245
63118750;-0.951459;0.0242223;0.951767276;-0.429384623
63120625;-0.956827;0.0229329;0.957101784;-0.380837481
63122500;-0.956051;0.0254123;0.956388676;-0.387311495
63124375;-0.955011;0.0268031;0.955387051;-0.39641299
63126250;-0.956653;0.0283826;0.957073944;-0.381090142
63128125;-0.956084;0.0315863;0.956605619;-0.385341453
63130000;-0.955211;0.0317332;0.955737961;-0.393223276
63131875;-0.954928;0.0316632;0.955452795;-0.395815296
63133750;-0.95624;0.0339791;0.956843517;-0.383181622
63135625;-0.95487;0.0350971;0.955514795;-0.395251681
63137500;-0.953984;0.0356465;0.95464975;-0.403118737
63139375;-0.954822;0.0375087;0.955558452;-0.39485484
63141250;-0.954834;0.0385108;0.955610302;-0.394383539
63143125;-0.955628;0.0401148;0.956469587;-0.386576691
63145000;-0.961102;0.0420216;0.962020202;-0.336316156
63146875;-0.958007;0.0449726;0.959062014;-0.363066199
63148750;-0.95393;0.0430966;0.954903012;-0.400814738
63150625;-0.955862;0.0454737;0.95694306;-0.382278055
63152500;-0.956836;0.0455538;0.957919767;-0.373417299
63154375;-0.955194;0.0478832;0.956393422;-0.387268388
63156250;-0.952237;0.0481455;0.953453351;-0.414011007
63158125;-0.956582;0.0498143;0.957878169;-0.37379449
63160000;-0.95634;0.0514936;0.957725319;-0.375180624
63161875;-0.951218;0.0522602;0.952652514;-0.421309644
63163750;-0.955322;0.0553976;0.956926861;-0.382425089
63165625;-0.957141;0.0554181;0.958744001;-0.365946808
63167500;-0.953776;0.0552238;0.955373396;-0.396537129
63169375;-0.954363;0.0572955;0.95608133;-0.390103247
63171250;-0.954904;0.0593046;0.956743793;-0.384086936
63173125;-0.954868;0.0617667;0.956863638;-0.382998972
63175000;-0.956895;0.0616687;0.958880112;-0.364713777
63176875;-0.956082;0.0639105;0.958215708;-0.370734282
63178750;-0.952345;0.0637048;0.954473311;-0.404724221
63180625;-0.952968;0.0658741;0.955242067;-0.397731209
63182500;-0.954224;0.065407;0.956463025;-0.386636288
63184375;-0.954496;0.0701475;0.957070157;-0.38112451
63186250;-0.950849;0.0686672;0.953325236;-0.41517821
63188125;-0.95597;0.0700827;0.958535459;-0.367836336
63190000;-0.952814;0.0708969;0.955448004;-0.395858847
63191875;-0.953334;0.0734399;0.95615853;-0.389401925
63193750;-0.952422;0.0742426;0.955311274;-0.397101941
63195625;-0.953604;0.0755413;0.956591384;-0.385470698
63197500;-0.953112;0.0751657;0.956071319;-0.390194199
63199375;-0.953279;0.0793402;0.956574994;-0.385619526
63201250;-0.948985;0.0791538;0.952280344;-0.424703593
63203125;-0.953964;0.0822718;0.957505072;-0.37717834
63205000;-0.950575;0.0809261;0.954013556;-0.408909087
63206875;-0.951246;0.0835867;0.954911351;-0.400738881
63208750;-0.953576;0.0825638;0.957143651;-0.380457541
63210625;-0.953001;0.0878411;0.957040733;-0.381391552
63212500;-0.95156;0.0860222;0.955440345;-0.395928479
63214375;-0.950976;0.0883825;0.955074248;-0.399257298
63216250;-0.95277;0.0882442;0.9568478;-0.38314275
63218125;-0.952929;0.0906349;0.957229525;-0.379678285
63220000;-0.952106;0.0898331;0.956334576;-0.387802844
63221875;-0.952052;0.0939644;0.956677751;-0.384686522
63223750;-0.950353;0.0922782;0.954822544;-0.40154671
63225625;-0.951873;0.0958246;0.95668415;-0.384628428
63227500;-0.950597;0.0971986;0.95555336;-0.394901119
63229375;-0.950823;0.0972413;0.955782532;-0.392818223
63231250;-0.951276;0.0998972;0.956506915;-0.386237717
63233125;-0.954007;0.0984915;0.959077646;-0.362924624
63235000;-0.950579;0.101838;0.956018522;-0.390673876
63236875;-0.949564;0.101697;0.954994277;-0.399984616
63238750;-0.951772;0.102034;0.957225615;-0.379713771
63240625;-0.948925;0.104983;0.954714662;-0.402528154
63242500;-0.950278;0.105517;0.956118253;-0.38976781
63244375;-0.948443;0.106926;0.954451305;-0.404924478
63246250;-0.951145;0.107348;0.957183579;-0.38009521
63248125;-0.950006;0.111339;0.956508114;-0.386226827
63250000;-0.951909;0.111116;0.958372323;-0.369314736
63251875;-0.949818;0.110409;0.956213564;-0.388902
63253750;-0.949199;0.113141;0.955918212;-0.391585287
63255625;-0.947885;0.113611;0.954669279;-0.402941052
63257500;-0.948758;0.115218;0.955728481;-0.393309431
63259375;-0.947245;0.115641;0.954277701;-0.406504487
63261250;-0.948239;0.117225;0.955457431;-0.395773154
63263125;-0.948171;0.117999;0.955485222;-0.395520512
63265000;-0.946401;0.119967;0.953974284;-0.409266649
63266875;-0.950211;0.120781;0.957856458;-0.373991365
63268750;-0.948814;0.121664;0.956582529;-0.385551103
63270625;-0.948031;0.124178;0.956129151;-0.389668815
63272500;-0.946057;0.123759;0.954117465;-0.407963086
63274375;-0.949185;0.123702;0.957211758;-0.37983951
63276250;-0.947125;0.130537;0.956078278;-0.390130975
63278125;-0.947469;0.127255;0.955976642;-0.391054375
63280000;-0.949235;0.129224;0.957990567;-0.37277534
63281875;-0.94835;0.129931;0.957209375;-0.379861132
63283750;-0.946267;0.132328;0.955474717;-0.395616008
63285625;-0.946348;0.13322;0.955678872;-0.393760308
63287500;-0.947227;0.133309;0.956561696;-0.385740271
63289375;-0.946828;0.136085;0.956557572;-0.385777721
63291250;-0.946022;0.136808;0.955862989;-0.392087081
63293125;-0.94538;0.138322;0.955445613;-0.395880583
63295000;-0.94544;0.139572;0.955686736;-0.393688833
63296875;-0.94532;0.140071;0.955641035;-0.394104202
63298750;-0.947808;0.141745;0.958348397;-0.369531586
63300625;-0.945783;0.141158;0.95625889;-0.38849029
63302500;-0.945356;0.144354;0.956313779;-0.387991733
63304375;-0.944353;0.145281;0.955462798;-0.395724364
63306250;-0.946748;0.145087;0.957800612;-0.374497792
63308125;-0.945406;0.147364;0.956822164;-0.383375464
63310000;-0.944792;0.148051;0.95632161;-0.387920607
63311875;-0.943253;0.14914;0.95497066;-0.400199424
63313750;-0.943271;0.149683;0.95507339;-0.399265101
63315625;-0.944078;0.152318;0.956286591;-0.388238681
63317500;-0.946477;0.153623;0.958863253;-0.364866496
63319375;-0.945516;0.152913;0.957801071;-0.374493632
63321250;-0.944348;0.157007;0.957310996;-0.378939052
63323125;-0.943657;0.15757;0.956721923;-0.384285481
63325000;-0.943093;0.156845;0.956046422;-0.390420392
63326875;-0.942706;0.158977;0.956016887;-0.390688723
63328750;-0.940478;0.156091;0.953343206;-0.41501448
63330625;-0.943112;0.160776;0.956717914;-0.384321882
63332500;-0.942888;0.160714;0.956486681;-0.386421465
63334375;-0.942035;0.164381;0.956269342;-0.38839535
63336250;-0.939905;0.162739;0.953889612;-0.410037618
63338125;-0.940176;0.166725;0.954844561;-0.401346423
63340000;-0.942375;0.167537;0.957151653;-0.380384925
63341875;-0.940565;0.167693;0.955397018;-0.396322374
63343750;-0.940764;0.169321;0.955879964;-0.391932833
63345625;-0.941461;0.169715;0.95663577;-0.385067688
63347500;-0.941131;0.172736;0.956851757;-0.383106827
63349375;-0.936399;0.172485;0.952152384;-0.425870817
63351250;-0.940748;0.174444;0.956784986;-0.38371297
63353125;-0.939701;0.175714;0.955988169;-0.390949648
63355000;-0.940981;0.175343;0.957178359;-0.380142584
63356875;-0.939015;0.17714;0.955577182;-0.394684589
63358750;-0.940908;0.178223;0.957638398;-0.375968967
63360625;-0.937215;0.176758;0.953737567;-0.41142221
63362500;-0.939453;0.180122;0.956564621;-0.385713715
63364375;-0.939387;0.183819;0.957202884;-0.379920034
63366250;-0.938305;0.183181;0.956018594;-0.390673219
63368125;-0.933248;0.182945;0.951010359;-0.43629505
63370000;-0.939081;0.183763;0.956891825;-0.382743114
63371875;-0.938442;0.186602;0.956814347;-0.383446429
63373750;-0.938386;0.187079;0.956852568;-0.383099463
63375625;-0.938204;0.188295;0.956912615;-0.382554402
63377500;-0.936826;0.189646;0.955828729;-0.392398402
63379375;-0.9347;0.189311;0.953678533;-0.41195986
63381250;-0.934786;0.192807;0.954462888;-0.404819067
63383125;-0.936232;0.192656;0.955848676;-0.392217138
63385000;-0.933463;0.192405;0.953085965;-0.417358517
63386875;-0.938186;0.193532;0.957939249;-0.373240642
63388750;-0.936513;0.19528;0.956656092;-0.384883175
63390625;-0.934708;0.196903;0.955222402;-0.397910022
63392500;-0.934076;0.197912;0.954812617;-0.401637017
63394375;-0.936073;0.198025;0.956789717;-0.38367002
63396250;-0.934837;0.200434;0.956082635;-0.390091394
63398125;-0.935198;0.200657;0.956482374;-0.386460579
63400000;-0.934426;0.204539;0.95655013;-0.385845295
63401875;-0.934582;0.20364;0.956510724;-0.386203133
63403750;-0.934906;0.205862;0.957302665;-0.379014644
63405625;-0.934452;0.205604;0.956803817;-0.383542012
63407500;-0.932913;0.205865;0.955357035;-0.396685883
63409375;-0.934979;0.207685;0.957767607;-0.374797106
63411250;-0.933759;0.208912;0.956843819;-0.383178885
63413125;-0.933311;0.2109;0.956842846;-0.383187713
63415000;-0.93107;0.212084;0.954919352;-0.400666111
63416875;-0.934346;0.211556;0.957997071;-0.372716371
63418750;-0.931549;0.213821;0.955773488;-0.392900413
63420625;-0.931339;0.214443;0.955708184;-0.393493899
63422500;-0.933168;0.214305;0.957459738;-0.377589592
63424375;-0.931844;0.215376;0.956409986;-0.387117958
63426250;-0.929469;0.217055;0.954476555;-0.404694692
63428125;-0.931662;0.218486;0.956937937;-0.382324561
63430000;-0.930696;0.220404;0.956437644;-0.386866777
63431875;-0.930832;0.223611;0.957313998;-0.378911811
63433750;-0.930368;0.222507;0.956605447;-0.385343014
63435625;-0.929229;0.223791;0.955797545;-0.392681791
63437500;-0.929277;0.225519;0.956250261;-0.388568664
63439375;-0.928303;0.22566;0.955337059;-0.396867504
63441250;-0.930438;0.225426;0.957356649;-0.378524843
63443125;-0.928325;0.228289;0.955982831;-0.390998148
63445000;-0.926023;0.228077;0.953696867;-0.41179288
63446875;-0.927529;0.229331;0.955459446;-0.39575483
63448750;-0.928406;0.230607;0.95661763;-0.385232395
63450625;-0.925918;0.231425;0.954401212;-0.405380357
63452500;-0.92839;0.234094;0.957448689;-0.377689819
63454375;-0.927769;0.234012;0.956826491;-0.383336185
63456250;-0.923933;0.234518;0.953231809;-0.416029481
63458125;-0.926552;0.237265;0.956448268;-0.386770301
63460000;-0.926591;0.239657;0.957082211;-0.381015114
63461875;-0.924868;0.237423;0.954856271;-0.401239906
63463750;-0.924989;0.240785;0.95581487;-0.392524342
63465625;-0.925582;0.240556;0.956331129;-0.387834152
63467500;-0.925426;0.244614;0.957209115;-0.379863487
63469375;-0.925654;0.242077;0.956784512;-0.383717273
63471250;-0.923847;0.244105;0.955552474;-0.394909176
63473125;-0.924331;0.244834;0.956206821;-0.38896325
63475000;-0.921624;0.246478;0.954013733;-0.408907476
63476875;-0.925478;0.246644;0.957780137;-0.374683475
63478750;-0.922194;0.248029;0.954966051;-0.400241346
63480625;-0.921637;0.24807;0.954438832;-0.405037985
63482500;-0.923265;0.249934;0.956496348;-0.386333672
63484375;-0.922434;0.252968;0.956492182;-0.386371512
63486250;-0.921078;0.252836;0.955149583;-0.398572196
63488125;-0.921621;0.253434;0.955831607;-0.392372255
63490000;-0.921425;0.254621;0.955958098;-0.391222874
63491875;-0.921588;0.256265;0.956554333;-0.385807134
63493750;-0.920356;0.258398;0.955941783;-0.391371107
63495625;-0.919922;0.256027;0.954885496;-0.400974063
63497500;-0.919422;0.258211;0.954992008;-0.400005261
63499375;-0.918889;0.260975;0.95523031;-0.397838113
63501250;-0.920263;0.259928;0.956266989;-0.388416722
63503125;-0.919319;0.263562;0.956353675;-0.387629379
63505000;-0.91545;0.262538;0.9523523;-0.424047297
63506875;-0.918708;0.263044;0.955623637;-0.394262335
63508750;-0.916643;0.265363;0.954280835;-0.406475966
63510625;-0.917409;0.266734;0.955398503;-0.396308868
63512500;-0.917039;0.267223;0.955179909;-0.398296416
63514375;-0.918458;0.267871;0.95672356;-0.384270621
63516250;-0.915102;0.269211;0.953879569;-0.41012906
63518125;-0.918207;0.270887;0.957331636;-0.378751781
63520000;-0.916519;0.273099;0.956342063;-0.387734844
63521875;-0.916073;0.274022;0.956178748;-0.389218264
63523750;-0.91781;0.274825;0.958073054;-0.372027486
63525625;-0.916845;0.27528;0.957279391;-0.379225816
63527500;-0.914535;0.277504;0.955710592;-0.393472012
63529375;-0.91488;0.27599;0.955602373;-0.394455613
63531250;-0.915868;0.278692;0.957331408;-0.378753854
63533125;-0.914383;0.279634;0.956185884;-0.389153441
63535000;-0.913232;0.279391;0.955014145;-0.39980392
63536875;-0.916067;0.279964;0.957892786;-0.373661948
63538750;-0.914026;0.283192;0.956891445;-0.382746563
63540625;-0.910392;0.28028;0.952559957;-0.422153578
63542500;-0.912836;0.28539;0.956408393;-0.387132424
63544375;-0.911636;0.285778;0.955379119;-0.396485096
63546250;-0.911981;0.287626;0.956262548;-0.388457063
63548125;-0.909046;0.287367;0.953385768;-0.414626708
63550000;-0.911322;0.289383;0.956164373;-0.389348845
63551875;-0.911907;0.291594;0.957393042;-0.37819466
63553750;-0.908026;0.290532;0.953372991;-0.414743117
63555625;-0.910881;0.29202;0.956545805;-0.385884574
63557500;-0.909954;0.291594;0.955533015;-0.395086056
63559375;-0.90965;0.294767;0.956216872;-0.388871951
63561250;-0.910274;0.294653;0.956775389;-0.383800088
63563125;-0.908619;0.294253;0.955077649;-0.399226368
63565000;-0.906408;0.297105;0.953858922;-0.410317073
63566875;-0.90854;0.299786;0.956721787;-0.38428672
63568750;-0.908191;0.301533;0.956939414;-0.382311148
63570625;-0.908343;0.299774;0.956530949;-0.386019471
63572500;-0.908212;0.300682;0.95669154;-0.384561333
63574375;-0.907764;0.303528;0.957164942;-0.380264331
63576250;-0.906571;0.303402;0.955993594;-0.390900358
63578125;-0.906513;0.304543;0.956301343;-0.388104689
63580000;-0.906671;0.305656;0.956806089;-0.383521388
63581875;-0.905368;0.306645;0.955888263;-0.391857418
63583750;-0.905636;0.30815;0.956625834;-0.385157897
63585625;-0.905156;0.30835;0.956235905;-0.388699063
63587500;-0.902821;0.308685;0.954134261;-0.407810189
63589375;-0.904552;0.311191;0.956584633;-0.385532006
63591250;-0.904022;0.311571;0.956207229;-0.388959548
63593125;-0.903133;0.314873;0.956448755;-0.386765872
63595000;-0.902814;0.314124;0.955901149;-0.391740331
63596875;-0.902606;0.31568;0.956217263;-0.388868403
63598750;-0.901386;0.316978;0.955495564;-0.395426494
63600625;-0.9028;0.317653;0.95705343;-0.381276316
63602500;-0.901273;0.319206;0.956130478;-0.389656757
63604375;-0.900602;0.31778;0.95502256;-0.39972738
63606250;-0.897746;0.319336;0.952850125;-0.419508091
63608125;-0.900709;0.321539;0.956380694;-0.38738399
63610000;-0.899898;0.321946;0.955753963;-0.393077853
63611875;-0.898893;0.322732;0.95507307;-0.399268008
63613750;-0.899472;0.3247;0.95628446;-0.388258031
63615625;-0.898914;0.323981;0.955515603;-0.395244335
63617500;-0.896576;0.327003;0.954347676;-0.405867599
63619375;-0.898195;0.32781;0.956145206;-0.389522966
63621250;-0.898072;0.328083;0.956123304;-0.38972193
63623125;-0.895798;0.329376;0.954433133;-0.405089848
63625000;-0.895191;0.331232;0.954505927;-0.404427412
63626875;-0.897159;0.328823;0.955520192;-0.395202624
63628750;-0.896928;0.334687;0.957337571;-0.378697933
63630625;-0.895961;0.334051;0.956209278;-0.38894093
63632500;-0.896336;0.333085;0.956223741;-0.388809561
63634375;-0.894068;0.335023;0.954776413;-0.401966367
63636250;-0.894845;0.337347;0.956321375;-0.387922741
63638125;-0.894554;0.336407;0.955717808;-0.393406433
63640000;-0.894063;0.34039;0.956668177;-0.384773451
63641875;-0.893163;0.339457;0.955495264;-0.395429225
63643750;-0.892369;0.340943;0.955282451;-0.397364007
63645625;-0.892331;0.343231;0.956065967;-0.390242823
63647500;-0.892484;0.34263;0.955993205;-0.390903896
63649375;-0.890315;0.342706;0.953995913;-0.409069719
63651250;-0.891479;0.343101;0.955224112;-0.397894473
63653125;-0.891342;0.348275;0.956967103;-0.382059826
63655000;-0.891814;0.346573;0.956788929;-0.38367717
63656875;-0.888736;0.34752;0.954265072;-0.406619436
63658750;-0.891493;0.349739;0.957641445;-0.375941334
63660625;-0.889185;0.348742;0.955128759;-0.398761559
63662500;-0.890246;0.351515;0.957131514;-0.380567681
63664375;-0.889878;0.352633;0.957200547;-0.379941236
63666250;-0.886395;0.352865;0.954049162;-0.408584908
63668125;-0.88792;0.353475;0.955691635;-0.393644302
63670000;-0.888848;0.355854;0.957435552;-0.377809001
63671875;-0.88706;0.35745;0.956371239;-0.387469862
63673750;-0.883701;0.356001;0.952714107;-0.420748083
63675625;-0.885935;0.357384;0.955303171;-0.397175617
63677500;-0.885028;0.358021;0.954700789;-0.402654367
63679375;-0.885056;0.358585;0.954938388;-0.400492956
63681250;-0.885223;0.361166;0.956065186;-0.39024992
63683125;-0.885529;0.359786;0.955828215;-0.392403079
63685000;-0.884545;0.364648;0.956759124;-0.383947752
63686875;-0.883018;0.363299;0.954833468;-0.401447337
63688750;-0.883688;0.364567;0.95593597;-0.391423928
63690625;-0.88418;0.369002;0.958090157;-0.371872434
63692500;-0.884287;0.366521;0.9572362;-0.379617723
63694375;-0.882106;0.366533;0.955226379;-0.397873855
63696250;-0.881927;0.370317;0.956519688;-0.386121728
63698125;-0.879147;0.368877;0.953399019;-0.414505989
63700000;-0.880976;0.370668;0.955778991;-0.392850403
63701875;-0.88051;0.371888;0.95582349;-0.392446009
63703750;-0.87703;0.371458;0.952450874;-0.42314831
63705625;-0.878945;0.373419;0.954979614;-0.400117987
63707500;-0.879524;0.375362;0.956273547;-0.388357151
63709375;-0.875762;0.374568;0.952502109;-0.422681083
63711250;-0.879471;0.376045;0.956493116;-0.386363022
63713125;-0.877177;0.376568;0.954590461;-0.403658196
63715000;-0.875932;0.378702;0.954291399;-0.406379812
63716875;-0.878819;0.37793;0.956636775;-0.385058558
63718750;-0.876878;0.381029;0.95608479;-0.390071815
63720625;-0.875278;0.381153;0.954667055;-0.402961285
63722500;-0.874429;0.381977;0.954218269;-0.40704546
63724375;-0.876595;0.385072;0.957444118;-0.377731291
63726250;-0.871952;0.383483;0.952554199;-0.422206086
63728125;-0.876309;0.384184;0.956825381;-0.383346262
63730000;-0.874082;0.386767;0.955828465;-0.3924008
63731875;-0.872397;0.388022;0.95479715;-0.401777718
63733750;-0.872478;0.388934;0.955242125;-0.397730681
63735625;-0.873062;0.392652;0.957294547;-0.379088302
63737500;-0.872172;0.389223;0.955080385;-0.399201486
63739375;-0.87184;0.391092;0.955540652;-0.395016634
63741250;-0.871064;0.393907;0.95598913;-0.390940916
63743125;-0.872501;0.393987;0.957331578;-0.378752305
63745000;-0.871316;0.394571;0.95649247;-0.386368889
63746875;-0.86926;0.396341;0.955352886;-0.396723606
63748750;-0.870438;0.397791;0.957026641;-0.38151945
63750625;-0.869313;0.397677;0.955956112;-0.391240914
63752500;-0.869463;0.399544;0.956870585;-0.382935916
63754375;-0.865118;0.397166;0.951929612;-0.427903268
63756250;-0.867762;0.398569;0.954917869;-0.400679597
63758125;-0.867922;0.401092;0.956118921;-0.389761749
63760000;-0.86712;0.402376;0.955930719;-0.39147164
63761875;-0.865364;0.401179;0.953834075;-0.410543336
63763750;-0.866163;0.40489;0.956124602;-0.389710136
63765625;-0.863756;0.405101;0.954034196;-0.408721164
63767500;-0.86531;0.405645;0.955672152;-0.39382138
63769375;-0.864708;0.406371;0.955435668;-0.395971
63771250;-0.862253;0.406781;0.953389227;-0.414595196
63773125;-0.863568;0.409917;0.955919263;-0.391575734
63775000;-0.865016;0.408317;0.956543492;-0.385905572
63776875;-0.861435;0.411124;0.954512023;-0.404371935
63778750;-0.864648;0.411361;0.95751451;-0.377092725
63780625;-0.861227;0.413267;0.955249475;-0.39766385
63782500;-0.861409;0.416664;0.956887848;-0.382779212
63784375;-0.859975;0.414013;0.954444218;-0.404988975
63786250;-0.860131;0.41601;0.955452593;-0.395817133
63788125;-0.859253;0.416357;0.954813526;-0.401628747
63790000;-0.856929;0.416764;0.952900594;-0.419048043
63791875;-0.858407;0.419286;0.955334144;-0.396893999
63793750;-0.856914;0.41684;0.952920348;-0.41886799
63795625;-0.857735;0.419701;0.954912697;-0.400726637
63797500;-0.859239;0.420111;0.956443888;-0.386810073
63799375;-0.857894;0.423292;0.956639029;-0.385038091
63801250;-0.854926;0.422745;0.953735708;-0.411439141
63803125;-0.856814;0.424479;0.956196973;-0.389052705
63805000;-0.856992;0.423463;0.955905958;-0.391696631
63806875;-0.853708;0.424907;0.953605426;-0.412625732
63808750;-0.855208;0.427806;0.956241966;-0.388644015
63810625;-0.85511;0.427881;0.95618788;-0.389135307
63812500;-0.853266;0.428705;0.954908814;-0.400761957
63814375;-0.851095;0.43107;0.954035662;-0.408707822
63816250;-0.852964;0.431496;0.955895592;-0.391790819
63818125;-0.851929;0.432783;0.955554366;-0.394891978
63820000;-0.850386;0.431864;0.953762478;-0.411195348
63821875;-0.85072;0.43325;0.954688473;-0.40276642
63823750;-0.849787;0.436366;0.955276521;-0.397417927
63825625;-0.849102;0.435555;0.954296791;-0.406330736
63827500;-0.849914;0.438233;0.956243677;-0.388628471
63829375;-0.847988;0.436131;0.953569031;-0.412957237
63831250;-0.848593;0.437888;0.954911504;-0.400737493
63833125;-0.847724;0.440371;0.955281423;-0.397373351
63835000;-0.847478;0.442751;0.956162857;-0.38936262
63836875;-0.845796;0.439405;0.95312519;-0.417001049
63838750;-0.846298;0.442285;0.954901213;-0.400831102
63840625;-0.846833;0.443005;0.955708931;-0.393487115
63842500;-0.844104;0.443762;0.953643684;-0.412277267
63844375;-0.846247;0.443346;0.955347927;-0.396768693
63846250;-0.844426;0.44506;0.954533223;-0.404179027
63848125;-0.844;0.447196;0.955154575;-0.398526795
63850000;-0.84587;0.446605;0.956531277;-0.386016498
63851875;-0.842682;0.448485;0.95459507;-0.403616254
63853750;-0.842374;0.450017;0.955044112;-0.39953137
63855625;-0.841295;0.450373;0.954260507;-0.406660986
63857500;-0.84223;0.452498;0.95608881;-0.390035293
63859375;-0.841525;0.453739;0.956056173;-0.390331802
63861250;-0.841765;0.454136;0.956455865;-0.386701308
63863125;-0.838362;0.4548;0.953778739;-0.411047256
63865000;-0.84074;0.457136;0.956983318;-0.381912658
63866875;-0.839428;0.456487;0.955520669;-0.395198287
63868750;-0.83819;0.455188;0.953812661;-0.410738344
63870625;-0.837088;0.459183;0.954759314;-0.402121927
63872500;-0.835467;0.458545;0.953031282;-0.417856877
63874375;-0.837414;0.459324;0.955112948;-0.398905343
63876250;-0.836759;0.46196;0.955809953;-0.392569031
63878125;-0.833829;0.460514;0.952546033;-0.422280544
63880000;-0.834957;0.463039;0.954755627;-0.402155467
63881875;-0.835135;0.463717;0.955240244;-0.39774778
63883750;-0.83332;0.464035;0.953808526;-0.410775998
63885625;-0.833534;0.465505;0.954711388;-0.402557942
63887500;-0.833533;0.465933;0.954919275;-0.400666803
63889375;-0.832204;0.465979;0.953781907;-0.411018406
63891250;-0.832849;0.46742;0.955049168;-0.399485389
63893125;-0.830575;0.469541;0.954108789;-0.40804207
63895000;-0.82829;0.468405;0.951560596;-0.431271006
63896875;-0.831662;0.471381;0.955961155;-0.391195096
63898750;-0.829996;0.473441;0.95553113;-0.395103192
63900625;-0.828669;0.47268;0.954001412;-0.409019651
63902500;-0.830359;0.47363;0.955940085;-0.39138654
63904375;-0.828338;0.474864;0.95479823;-0.401767892
63906250;-0.828573;0.476175;0.955654669;-0.393980278
63908125;-0.826831;0.476676;0.95439484;-0.405438343
63910000;-0.827819;0.477052;0.955438594;-0.395944393
63911875;-0.825705;0.478462;0.954313697;-0.406176856
63913750;-0.826013;0.478273;0.954485484;-0.404613443
63915625;-0.824302;0.481066;0.954409914;-0.405301163
63917500;-0.824942;0.483105;0.955991498;-0.3909194
63919375;-0.822498;0.481553;0.953098238;-0.417246664
63921250;-0.825458;0.481281;0.955516777;-0.395233666
63923125;-0.822423;0.485226;0.954894686;-0.400890467
63925000;-0.823929;0.483315;0.955223736;-0.397897887
63926875;-0.822029;0.48565;0.954770967;-0.402015913
63928750;-0.820964;0.485697;0.953878119;-0.410142271
63930625;-0.819087;0.487234;0.953047997;-0.417704542
63932500;-0.820615;0.488015;0.954760503;-0.402111106
63934375;-0.821405;0.488613;0.955745174;-0.393157724
63936250;-0.818799;0.489476;0.953948928;-0.409497515
63938125;-0.816795;0.490034;0.952516348;-0.422551236
63940000;-0.820467;0.490491;0.955901417;-0.391737891
63941875;-0.817268;0.494514;0.955233521;-0.397808912
63943750;-0.816742;0.492823;0.953908803;-0.40986287
63945625;-0.818845;0.492765;0.955680113;-0.393749021
63947500;-0.81685;0.494886;0.955068623;-0.399308449
63949375;-0.815068;0.498663;0.955510666;-0.395289217
63951250;-0.812474;0.496279;0.952054014;-0.426768227
63953125;-0.815022;0.498545;0.955409848;-0.39620573
63955000;-0.814707;0.499541;0.955661397;-0.393919127
63956875;-0.813624;0.499514;0.954724175;-0.40244161
63958750;-0.812573;0.500765;0.954484398;-0.404623326
63960625;-0.812548;0.502612;0.955433449;-0.395991172
63962500;-0.811359;0.504404;0.955367375;-0.396591868
63964375;-0.810394;0.503902;0.954282799;-0.406458084
63966250;-0.812275;0.50271;0.955252856;-0.3976331
63968125;-0.809504;0.506321;0.954807667;-0.401682046
63970000;-0.808436;0.505791;0.953621152;-0.41248249
63971875;-0.808144;0.507607;0.9543383;-0.405952928
63973750;-0.808304;0.507357;0.954340863;-0.405929607
63975625;-0.809056;0.510145;0.956461987;-0.386645714
63977500;-0.806094;0.509316;0.953514722;-0.413451945
63979375;-0.80718;0.511405;0.955549385;-0.394937257
63981250;-0.807471;0.513424;0.956877014;-0.382877559
63983125;-0.807108;0.513326;0.956518116;-0.386136006
63985000;-0.806661;0.512968;0.955948816;-0.391307211
63986875;-0.803901;0.516087;0.955302365;-0.397182938
63988750;-0.801575;0.51452;0.952498457;-0.422714382
63990625;-0.803779;0.515975;0.955139195;-0.39866666
63992500;-0.803201;0.518038;0.955769437;-0.392937228
63994375;-0.800376;0.516818;0.952734269;-0.42056427
63996250;-0.80168;0.517874;0.954402589;-0.405367823
63998125;-0.799958;0.519131;0.953640287;-0.412308205
64000000;-0.80142;0.520829;0.955791224;-0.39273923
